TeamId,TeamName,SubmissionDate,Score,
7096928,Laura Desplans,2021/7/31 21:41,0.03527,0.03527
7107601,VitalyGatsko,2021/7/25 10:31,0.03534,0.03534
7090870,CynthV,2021/7/30 8:25,0.0357,0.0357
7144044,Shyam Valsan,2021/7/30 10:29,0.03595,0.03595
7035880,BIZEN,2021/7/31 5:25,0.03655,0.03655
7037756,kokido,2021/7/31 23:05,0.03665,0.03665
7056329,Sol,2021/7/31 6:33,0.03666,0.03666
7143572,Seyed ali hejazyan,2021/7/25 17:07,0.03667,0.03667
7069214,SeongwookLee,2021/7/28 0:31,0.03667,0.03667
7166146,Kimi Sailing on a Reed,2021/7/30 22:56,0.03669,0.03669
7043079,Akmal Mir,2021/7/31 0:30,0.0367,0.0367
7037495,Jun Hyeok Park,2021/7/28 8:16,0.0368,0.0368
7038676,mani moses,2021/7/31 18:54,0.0368,0.0368
7042849,Prevision.io,2021/7/30 6:48,0.03682,0.03682
7036390,Harsh Kaushik,2021/7/29 7:53,0.03685,0.03685
7041598,Vitor Mello,2021/7/29 21:35,0.03685,0.03685
7157757,Kamal Das,2021/7/30 4:53,0.03685,0.03685
7055045,Rijndael,2021/7/30 13:31,0.03685,0.03685
7035943,slyzszg,2021/7/31 14:11,0.03685,0.03685
7110884,Gautam Gottipati,2021/7/31 15:54,0.03685,0.03685
7036076,Yue Sun,2021/7/30 23:05,0.03686,0.03686
7045612,YusukeOnishi,2021/7/24 14:28,0.03687,0.03687
7036503,Hikmet Sezen,2021/7/31 19:32,0.03687,0.03687
7036312,kailai,2021/7/30 20:34,0.03688,0.03688
7040916,Adeyinka Michael Sotunde,2021/7/29 17:08,0.03692,0.03692
7035852,alperylmz,2021/7/31 23:37,0.03696,0.03696
7040536,"LightAutoML, pseudo and leak",2021/7/25 22:51,0.03698,0.03698
7108372,HandsomePan,2021/7/24 5:56,0.03698,0.03698
7038316,Ksenya,2021/7/30 7:17,0.03698,0.03698
7060177,Rajat Gupta,2021/7/27 20:37,0.03699,0.03699
7040771,Solomon Kimunyu Ndegwa,2021/7/30 17:28,0.03699,0.03699
7035980,Alampal Singh,2021/7/31 6:47,0.037,0.037
7113328,Tondo,2021/7/27 21:24,0.03705,0.03705
7087576,Sokolov Aleksandr LightAutoML],2021/7/31 15:31,0.03709,0.03709
7040848,Jose Pérez Cano,2021/7/22 15:28,0.03712,0.03712
7037726,Omar Bougacha,2021/7/22 15:53,0.03712,0.03712
7042482,Tarun Saxena,2021/7/22 16:32,0.03712,0.03712
7043063,HaiDuong,2021/7/23 4:47,0.03712,0.03712
7037249,Vivan,2021/7/23 7:48,0.03712,0.03712
7040099,Anish Ghiya,2021/7/23 9:23,0.03712,0.03712
7045840,esp_medico,2021/7/23 13:53,0.03712,0.03712
7110912,JOSHUAZZ,2021/7/23 16:07,0.03712,0.03712
7043057,Alex Maszanski,2021/7/23 16:55,0.03712,0.03712
7042417,3 kool aliens,2021/7/24 8:53,0.03712,0.03712
7139803,Sam Johnnie,2021/7/24 14:13,0.03712,0.03712
7141591,ROSHAN KUMAR G,2021/7/25 5:51,0.03712,0.03712
7054035,Abid Ali Awan,2021/7/30 15:24,0.03712,0.03712
7092885,mama,2021/7/31 1:11,0.03712,0.03712
7036422,Siti Khotijah,2021/7/27 11:20,0.03712,0.03712
7096405,Vadim VS,2021/7/28 13:36,0.03712,0.03712
7100059,jenil savani,2021/7/27 15:33,0.03712,0.03712
7045753,changwoomon,2021/7/30 17:15,0.03712,0.03712
7156346,Prajwal Sood,2021/7/28 12:39,0.03712,0.03712
7051878,Anush krishna,2021/7/29 2:41,0.03712,0.03712
7082613,Rishi Patel,2021/7/29 4:59,0.03712,0.03712
7039067,"don’t mind me , i'am overfitting",2021/7/30 22:24,0.03712,0.03712
7075483,Tarun Bisht,2021/7/31 16:16,0.03712,0.03712
7167525,Gaurav Singh #2,2021/7/31 18:35,0.03712,0.03712
7053766,abracadata,2021/7/24 18:57,0.03712,0.03712
7035857,Alin Cijov,2021/7/29 0:35,0.03712,0.03712
7142046,Leon Sakakibara,2021/7/31 20:07,0.03713,0.03713
7039735,Saurav Joshi,2021/7/31 19:28,0.03714,0.03714
7035915,David Roberts,2021/7/25 1:30,0.03717,0.03717
7035841,Pranjal Verma,2021/7/31 19:07,0.03719,0.03719
7039646,kingkong153,2021/7/23 17:25,0.03726,0.03726
7039383,MOMOTARO,2021/7/31 20:01,0.03733,0.03733
7046616,Haiyun Hu,2021/7/31 5:43,0.03733,0.03733
7038013,Dr. Amritpal Singh,2021/7/24 6:59,0.03737,0.03737
7038056,Dmitry Uarov,2021/7/31 9:30,0.03744,0.03744
7091232,Adeel Zafar,2021/7/30 9:15,0.03755,0.03755
7072219,Ivan,2021/7/27 12:36,0.03762,0.03762
7060970,Soma_Onishi,2021/7/22 5:03,0.03763,0.03763
7037229,Meh,2021/7/27 9:00,0.03768,0.03768
7147784,Jan Carlo Tinaja,2021/7/27 6:42,0.03769,0.03769
7128568,Jesuz19,2021/7/21 22:30,0.03774,0.03774
7050898,guang,2021/7/30 15:03,0.03775,0.03775
7101778,Bhupender Singh,2021/7/28 14:16,0.03775,0.03775
7060723,zoilooo,2021/7/20 9:05,0.03775,0.03775
7121242,Dianwen (David) Zhao,2021/7/20 6:35,0.03775,0.03775
7084064,Suyash Pratap Singh,2021/7/20 7:01,0.03775,0.03775
7124095,Preeti Rana,2021/7/21 7:19,0.03775,0.03775
7045975,Will Soares,2021/7/21 17:16,0.03775,0.03775
7130062,Arnab Dey,2021/7/22 5:57,0.03775,0.03775
7035911,tharun_01,2021/7/29 15:10,0.03778,0.03778
7068771,Sun of beach,2021/7/21 8:02,0.03779,0.03779
7104554,team_a,2021/7/20 14:50,0.03779,0.03779
7137198,Jiawei Zhang,2021/7/25 18:05,0.0378,0.0378
7130291,[Deleted] ed7e0698-d860-47c6-848d-88bec90a8a04,2021/7/23 9:37,0.03781,0.03781
7095024,Mind Masters,2021/7/30 8:21,0.03781,0.03781
7058620,KritiDoneria,2021/7/19 19:55,0.03782,0.03782
7036707,blue7red,2021/7/27 17:18,0.03782,0.03782
7121750,Marek Nurzynski,2021/7/31 13:45,0.03786,0.03786
7060356,DXC1G,2021/7/26 5:30,0.03789,0.03789
7138559,Bifanghui_Oak,2021/7/24 8:40,0.038,0.038
7036178,slow5620,2021/7/25 3:48,0.03802,0.03802
7037196,Leaky Leaky,2021/7/19 5:27,0.03817,0.03817
7102677,mm-lab,2021/7/23 0:50,0.03821,0.03821
7136939,Hemendra Jarma,2021/7/24 17:41,0.03829,0.03829
7071115,Patrick Chan,2021/7/26 10:25,0.03852,0.03852
7084433,Ujjwal Sharma,2021/7/21 12:40,0.03856,0.03856
7148325,Szilárd Kálosi,2021/7/26 16:26,0.03859,0.03859
7121329,team_b,2021/7/30 10:44,0.0386,0.0386
7041256,Diogo Santiago,2021/7/28 18:08,0.03862,0.03862
7161986,Swati Sonal,2021/7/29 19:51,0.03871,0.03871
7046012,Chandrashekhar,2021/7/31 12:46,0.03871,0.03871
7088702,Vipin Kumar,2021/7/31 18:39,0.03871,0.03871
7092540,Sidharth Kumar Mohanty,2021/7/27 17:33,0.03873,0.03873
7134892,Alexander Bulygin,2021/7/31 17:13,0.03877,0.03877
7061780,Dmitry Z,2021/7/31 17:33,0.03879,0.03879
7046111,Aditya Sharma,2021/7/30 20:04,0.03883,0.03883
7046688,Brenno Lins,2021/7/23 1:28,0.0396,0.0396
7119135,Satoshi,2021/7/28 17:39,0.03995,0.03995
7126247,Debadri Basak,2021/7/21 12:24,0.04012,0.04012
7112895,hungnm,2021/7/26 0:46,0.04012,0.04012
7150117,shimu takuya,2021/7/27 3:56,0.04012,0.04012
7154335,Washet Hustony,2021/7/28 3:28,0.04012,0.04012
7154358,Moon wao hong Cheon,2021/7/28 3:37,0.04012,0.04012
7155325,Marrak Stephan,2021/7/28 7:59,0.04012,0.04012
7121277,Bisola Olasehinde,2021/7/28 13:23,0.04036,0.04036
7162153,Mohamed Amine Slimane,2021/7/31 18:06,0.04057,0.04057
7149727,XXXXYG,2021/7/29 3:24,0.04552,0.04552
7096590,Alehandreus,2021/7/27 18:14,0.04722,0.04722
7054532,Equipo_Rocket,2021/7/31 23:45,0.04989,0.04989
7042342,A SURESH,2021/7/24 19:26,0.05315,0.05315
7149388,Mikayil Yusubov,2021/7/27 9:24,0.05315,0.05315
7095741,PK,2021/7/29 14:00,0.05453,0.05453
7053845,][,2021/7/29 12:55,0.05592,0.05592
7062157,Rinat Kurbanov,2021/7/31 22:49,0.05909,0.05909
7092802,Yuki Okumura,2021/7/25 3:12,0.06192,0.06192
7108194,Awan,2021/7/19 0:40,0.06293,0.06293
7039008,Daksh Jhinjha,2021/7/31 12:35,0.0644,0.0644
7067098,drla,2021/7/20 21:09,0.06953,0.06953
7117969,gearand91,2021/7/21 7:49,0.07479,0.07479
7066744,Tortorelli,2021/7/27 23:20,0.0783,0.0783
7036961,Aditta Nishad,2021/7/31 17:06,0.0783,0.0783
7097444,Manan,2021/7/26 7:23,0.07897,0.07897
7104341,Yuqi hanhan,2021/7/28 2:55,0.08082,0.08082
7039967,anish,2021/7/21 16:38,0.09878,0.09878
7037062,Alexei Romanovich Krot,2021/7/23 7:09,0.10138,0.10138
7037125,Devashree Madhugiri,2021/7/31 17:57,0.10341,0.10341
7067896,AdityaB19,2021/7/21 14:55,0.10881,0.10881
7098482,Alvaro Francesc Budria Fernández,2021/7/23 21:01,0.11097,0.11097
7037362,Жапырақ Batyr,2021/7/31 1:09,0.11761,0.11761
7039925,Oleg Melnik,2021/7/28 14:22,0.12408,0.12408
7110952,Andrei V-I,2021/7/30 15:10,0.12567,0.12567
7057319,budibudi,2021/7/31 14:24,0.12643,0.12643
7036913,Maxim Kazantsev,2021/7/30 1:05,0.13759,0.13759
7135129,Oloruntobi,2021/7/23 10:00,0.13871,0.13871
7041622,Rogério Delfim,2021/7/31 3:20,0.13916,0.13916
7038537,Maxim Rodionov,2021/7/30 7:42,0.14104,0.14104
7036672,Lukasz Borecki,2021/7/18 17:48,0.14612,0.14612
7046018,Team_ors,2021/7/15 14:10,0.14678,0.14678
7151310,asdlkjcvx,2021/7/27 10:08,0.14687,0.14687
7151137,Chandler Bing #2,2021/7/27 9:30,0.14841,0.14841
7041165,Bruce Harold,2021/7/31 20:29,0.14925,0.14925
7075640,Ryuji-Ishimaru,2021/7/18 6:18,0.14951,0.14951
7039142,czs,2021/7/29 11:13,0.15008,0.15008
7115341,LiuC,2021/7/21 12:00,0.15031,0.15031
7038035,abcxyz,2021/7/18 17:38,0.15042,0.15042
7052142,Nitin Rajput,2021/7/31 18:56,0.15077,0.15077
7041212,Dvasquez,2021/7/16 5:36,0.15091,0.15091
7063371,Azzam Radman,2021/7/18 20:33,0.15114,0.15114
7097947,gajendraks,2021/7/17 5:34,0.15115,0.15115
7041739,cheche,2021/7/29 8:39,0.15115,0.15115
7062484,tjvananne,2021/7/17 15:58,0.15115,0.15115
7126966,Khôi Ngô Văn,2021/7/28 8:22,0.152,0.152
7147968,Khoi Ngo Van,2021/7/27 8:38,0.152,0.152
7041957,xiaobai_zhang,2021/7/21 11:55,0.15215,0.15215
7088570,Ngo Hai Dang,2021/7/31 15:01,0.15219,0.15219
7148319,Run Data Run,2021/7/28 10:37,0.15249,0.15249
7071566,Sebastian Miranda,2021/7/17 14:17,0.15252,0.15252
7036949,Klaus,2021/7/30 1:55,0.15267,0.15267
7061046,Mr.Noise,2021/7/31 2:59,0.1527,0.1527
7037060,Nan,2021/7/17 23:03,0.15275,0.15275
7116198,Andrey #2,2021/7/21 7:40,0.15283,0.15283
7083389,GZ & PZY,2021/7/15 2:15,0.15314,0.15314
7064736,Maykl Chikvashvili,2021/7/14 12:44,0.15352,0.15352
7082375,Prashant Patil,2021/7/13 9:23,0.15381,0.15381
7035908,[Deleted] b886bd22-bc53-4f55-aa0f-e94ff38577a0,2021/7/14 1:01,0.15381,0.15381
7040945,Lokesh Arya,2021/7/12 3:43,0.15397,0.15397
7071040,Mariana,2021/7/16 17:22,0.15453,0.15453
7066467,Chanakya Vivek Kapoor,2021/7/12 8:17,0.15459,0.15459
7039095,KluskiŚląskie,2021/7/24 12:58,0.1546,0.1546
7116196,ASCCC,2021/7/20 4:37,0.15472,0.15472
7036853,MatthiasS,2021/7/18 11:30,0.15476,0.15476
7043202,KJ OHHHHH,2021/7/31 11:04,0.15492,0.15492
7089392,codingyi,2021/7/19 6:31,0.15507,0.15507
7051333,Tsai Yi Lin,2021/7/24 1:54,0.15507,0.15507
7086778,Miguel Rodríguez,2021/7/24 16:10,0.15509,0.15509
7041312,al4pha4,2021/7/4 9:09,0.15516,0.15516
7047912,m.kiyo3,2021/7/7 0:28,0.15522,0.15522
7094727,AIA-Andy,2021/7/19 3:10,0.15529,0.15529
7048184,naomi,2021/7/4 16:52,0.15547,0.15547
7036838,stpete_ishii,2021/7/25 6:31,0.15561,0.15561
7116667,Enzalo Gonzalez,2021/7/19 8:26,0.15561,0.15561
7102063,Daiki Netsu,2021/7/18 12:18,0.1558,0.1558
7072691,Yasser Houssem Eddine Kehal,2021/7/31 20:59,0.15588,0.15588
7038888,Ultron,2021/7/5 18:05,0.15604,0.15604
7063181,Siarhei Siniak,2021/7/6 19:40,0.15604,0.15604
7063457,junsu-do,2021/7/6 22:18,0.15604,0.15604
7068805,Lau Sai Yuen,2021/7/9 3:30,0.15604,0.15604
7099304,remigere,2021/7/23 22:32,0.15604,0.15604
7049869,MaggieMC,2021/7/18 14:34,0.15609,0.15609
7035839,Koz-prg,2021/7/17 6:53,0.15628,0.15628
7087007,SherryGow,2021/7/23 14:57,0.15636,0.15636
7051904,smart_na,2021/7/5 22:47,0.15652,0.15652
7151854,Name Namovich,2021/7/30 11:07,0.15658,0.15658
7036437,Jagunn,2021/7/24 8:56,0.15696,0.15696
7061074,milk28,2021/7/31 12:27,0.15699,0.15699
7081929,Lokijota,2021/7/18 19:13,0.15702,0.15702
7036214,Tianqing,2021/7/28 16:30,0.15712,0.15712
7084118,Heesang Lim,2021/7/25 18:54,0.15713,0.15713
7052002,fanko156,2021/7/4 22:58,0.15749,0.15749
7035837,Kaustubh B Bhargav,2021/7/3 4:37,0.15754,0.15754
7078765,Jamie Ranson-Hayes,2021/7/31 13:53,0.15758,0.15758
7037963,Sauvik Nath,2021/7/4 10:08,0.15779,0.15779
7052028,Tojsu789,2021/7/4 9:32,0.15779,0.15779
7120451,qbdqhd1234,2021/7/20 3:11,0.15779,0.15779
7130981,hyunjuyung,2021/7/22 9:25,0.15779,0.15779
7038696,Munum Butt,2021/7/21 15:08,0.15783,0.15783
7046549,DG,2021/7/26 18:31,0.15801,0.15801
7036715,VKT1508,2021/7/18 16:42,0.15811,0.15811
7037350,Mansi,2021/7/7 14:31,0.15838,0.15838
7068788,EITC,2021/7/9 1:07,0.15842,0.15842
7039760,Khurram Siddiqui,2021/7/31 18:01,0.15874,0.15874
7048051,Don't go to school hungry,2021/7/3 9:07,0.15967,0.15967
7038243,thumb up,2021/7/21 10:20,0.15972,0.15972
7047828,ASFQAZ,2021/7/29 11:43,0.15987,0.15987
7054335,Sam Y,2021/7/19 5:33,0.16019,0.16019
7036227,Kaggle_Challage(CDLE),2021/7/30 8:14,0.16022,0.16022
7059856,Clemens Beeken,2021/7/15 19:04,0.16028,0.16028
7070391,Jayaprakash Venugopal,2021/7/8 10:28,0.16061,0.16061
7082550,Nakuuu,2021/7/13 16:44,0.16068,0.16068
7035858,Heroseo,2021/7/14 17:00,0.16133,0.16133
7095475,Maksim Kleshchenok,2021/7/14 8:11,0.16133,0.16133
7044901,Kuruton,2021/7/3 13:51,0.16139,0.16139
7081259,relurelu,2021/7/16 8:33,0.1622,0.1622
7042987,NotWhatItLooksLike,2021/7/31 22:32,0.1622,0.1622
7035843,keysersoze,2021/7/30 10:12,0.16228,0.16228
7049699,[Deleted] d93cd325-86ba-4796-ac5f-daf2af4d3601,2021/7/26 12:08,0.1623,0.1623
7069942,only use lightgbm,2021/7/24 8:42,0.16232,0.16232
7086106,mahesh,2021/7/31 10:47,0.16232,0.16232
7039119,nexus2021,2021/7/15 13:32,0.1625,0.1625
7064215,light,2021/7/30 9:05,0.16264,0.16264
7044639,Abu Bakar,2021/7/17 16:35,0.16275,0.16275
7069532,submission,2021/7/22 5:03,0.16277,0.16277
7049311,Alexey Kolobyanin,2021/7/23 16:00,0.16287,0.16287
7089529,Oniel Gracious,2021/7/23 8:55,0.16288,0.16288
7066351,woo,2021/7/24 5:25,0.16291,0.16291
7037068,Mark CT,2021/7/12 17:08,0.16294,0.16294
7110687,[Deleted] 539b0391-2cd0-422c-8c71-ba71441bb789,2021/7/25 6:44,0.1631,0.1631
7096662,[Deleted] b8e439e9-3c80-4616-af36-ef9f2d0a4e8a,2021/7/30 12:06,0.16318,0.16318
7097283,Closed Notice,2021/7/20 8:46,0.16347,0.16347
7070611,Ivan Falkov,2021/7/27 13:14,0.16347,0.16347
7085949,Mikhail Kuzmenkov,2021/7/20 12:02,0.16347,0.16347
7107876,Almir Dominicini,2021/7/27 19:48,0.16347,0.16347
7159671,[Deleted] 7048dc19-577a-479d-bd84-897be33f2936,2021/7/29 8:00,0.16351,0.16351
7048859,Takashi Tomika,2021/7/28 14:47,0.16359,0.16359
7082141,peopledesu,2021/7/14 20:57,0.16359,0.16359
7050987,Faisal Alsrheed,2021/7/17 5:30,0.16378,0.16378
7045715,BronzeGoose,2021/7/13 18:00,0.16382,0.16382
7036341,Octavius,2021/7/14 8:43,0.16462,0.16462
7045609,Teled Analytic,2021/7/27 21:47,0.16488,0.16488
7110400,Luu Tien Dao,2021/7/17 14:29,0.16519,0.16519
7081838,fugai1,2021/7/17 4:44,0.16522,0.16522
7109326,GUNJAN HALDAR,2021/7/17 8:04,0.16536,0.16536
7109329,BS Meghma,2021/7/17 8:04,0.16536,0.16536
7079363,TPS_GoGoGo,2021/7/31 23:55,0.16542,0.16542
7046895,Keisuke Chikami,2021/7/27 9:04,0.16601,0.16601
7049082,OmarVivas,2021/7/16 11:34,0.16601,0.16601
7046256,Mahdi Tavakol,2021/7/31 17:16,0.16631,0.16631
7106491,Roach,2021/7/31 3:17,0.16637,0.16637
7045345,Furlag,2021/7/27 20:16,0.16649,0.16649
7042015,Spoodyman,2021/7/18 6:59,0.16677,0.16677
7048122,[Deleted] 99d76509-b5ac-4389-8d8e-0abff01c632e,2021/7/18 4:14,0.16686,0.16686
7057478,JINO ROHIT,2021/7/7 20:06,0.16707,0.16707
7108665,[Deleted] f7d6b62d-e485-45ad-9028-5bf02dec86b1,2021/7/17 5:24,0.16745,0.16745
7108858,[Deleted] 50e19065-5b7f-4ac7-9d21-f0f382401618,2021/7/17 5:38,0.16752,0.16752
7036003,Ben Liu,2021/7/19 20:10,0.16794,0.16794
7036624,Remek Kinas 🤓,2021/7/18 4:42,0.16854,0.16854
7039011,terry_u16,2021/7/3 1:28,0.1686,0.1686
7049405,Filippo Galanti,2021/7/21 16:09,0.1687,0.1687
7038711,Andrew Valukhov,2021/7/3 12:51,0.16888,0.16888
7091783,Mirena Borisova,2021/7/28 18:48,0.16899,0.16899
7077338,mylinh97,2021/7/10 4:12,0.16903,0.16903
7037759,Christopher Davis,2021/7/19 19:59,0.16912,0.16912
7128945,bchnge,2021/7/25 3:48,0.16924,0.16924
7036764,Taha07,2021/7/18 7:05,0.16929,0.16929
7086192,trees3,2021/7/19 13:35,0.16976,0.16976
7049250,Bernhard Klinger,2021/7/31 14:47,0.1699,0.1699
7089833,ACE,2021/7/18 18:40,0.17023,0.17023
7100749,Poorich Chatchaipaiboon,2021/7/18 2:37,0.17023,0.17023
7078962,Simon Barrow,2021/7/10 18:34,0.17027,0.17027
7079946,Zelimhan,2021/7/12 7:45,0.17027,0.17027
7059297,shamio,2021/7/13 1:17,0.17028,0.17028
7038559,Phoenix,2021/7/12 14:43,0.17062,0.17062
7123850,Smita Singh,2021/7/22 16:32,0.17066,0.17066
7156129,Jonathan Hammiche,2021/7/31 21:55,0.17066,0.17066
7080084,Mikhail Borodastov,2021/7/18 14:39,0.17084,0.17084
7146353,OlivierGK,2021/7/31 9:54,0.17118,0.17118
7036068,TOMH,2021/7/30 0:59,0.17143,0.17143
7059531,kotrying,2021/7/7 14:35,0.17187,0.17187
7054034,enGGGr,2021/7/31 15:17,0.17193,0.17193
7064617,[Deleted] 5624a90d-dddc-40a7-9ca4-6c57a2ab9cb7,2021/7/15 6:51,0.17199,0.17199
7111572,Akihiro Yamanihshi,2021/7/17 23:20,0.17206,0.17206
7061414,Alex Kolob,2021/7/22 9:08,0.17238,0.17238
7035836,novicefitting,2021/7/31 17:58,0.1726,0.1726
7110983,mlanhenke,2021/7/25 16:49,0.17302,0.17302
7065811,emand2pac,2021/7/16 10:31,0.17306,0.17306
7072881,Daniel Avadr,2021/7/31 23:12,0.17314,0.17314
7074803,Nancy,2021/7/12 9:46,0.17319,0.17319
7048035,making-healthy-changes,2021/7/21 7:40,0.17323,0.17323
7041249,cespeleta,2021/7/12 14:01,0.17327,0.17327
7064971,Melanie7744,2021/7/29 7:45,0.17328,0.17328
7073218,Alexander Gololobov,2021/7/20 12:34,0.17333,0.17333
7038023,Aidan Nell,2021/7/6 19:17,0.17336,0.17336
7096030,Thanh Vũ112,2021/7/14 17:11,0.17355,0.17355
7040293,Devang Singh Grewal,2021/7/11 13:28,0.17358,0.17358
7056309,Alberto Lamas,2021/7/6 10:23,0.17359,0.17359
7036723,Igor Lashkov,2021/7/3 11:46,0.17403,0.17403
7045001,yuichiro kimura,2021/7/12 14:42,0.17407,0.17407
7161611,Saruhan Gungor,2021/7/31 9:40,0.17413,0.17413
7038332,Timothy Abwao,2021/7/5 22:39,0.1742,0.1742
7044476,Sergey Krivenko,2021/7/13 8:32,0.17443,0.17443
7048885,MatsunagaDaiki080,2021/7/4 10:08,0.1747,0.1747
7115803,CodeForFun,2021/7/29 4:34,0.17484,0.17484
7052535,Praveen Singh,2021/7/25 5:37,0.17519,0.17519
7131945,Weierstrass Young,2021/7/24 9:33,0.17532,0.17532
7076137,Panfeng007,2021/7/31 1:10,0.17535,0.17535
7107119,Gary Yeh YL,2021/7/31 12:25,0.17539,0.17539
7050039,Mukharbek Organokov,2021/7/16 11:28,0.1754,0.1754
7092119,Jasper,2021/7/17 22:18,0.17541,0.17541
7051106,Amitesh Gangrade,2021/7/16 10:29,0.17545,0.17545
7037238,HIKARU,2021/7/5 9:22,0.17571,0.17571
7112680,Alexey Denisenkov,2021/7/18 9:13,0.17572,0.17572
7070202,black_raven,2021/7/18 12:20,0.17579,0.17579
7040561,Kirill Shmilovich,2021/7/5 4:14,0.17593,0.17593
7042397,Lee Tolo,2021/7/11 4:22,0.176,0.176
7050907,Michael Poma,2021/7/20 3:08,0.17629,0.17629
7121062,Tianyu Zhuang,2021/7/23 8:44,0.17641,0.17641
7108483,Andrew Laird,2021/7/19 1:00,0.17645,0.17645
7058954,Jennifer Fo,2021/7/28 8:07,0.17698,0.17698
7051068,藤弥　大樹,2021/7/31 12:26,0.17711,0.17711
7045897,Suraj Goswami,2021/7/17 18:36,0.17714,0.17714
7035883,Erik Garcia,2021/7/7 23:13,0.17737,0.17737
7053159,margaritaMar,2021/7/24 14:24,0.17753,0.17753
7090546,Dmitriy Gertsen,2021/7/20 12:05,0.17765,0.17765
7094775,pluto452b,2021/7/18 0:48,0.17778,0.17778
7102585,xiang11,2021/7/19 8:12,0.17786,0.17786
7051054,Tianyu Jiang,2021/7/15 21:11,0.17804,0.17804
7054328,Kai Ellis,2021/7/20 17:22,0.17813,0.17813
7036759,Tetsu,2021/7/22 9:06,0.17817,0.17817
7127450,Ivan Kontic,2021/7/31 12:57,0.17824,0.17824
7042132,Juan Eduardo Smith,2021/7/31 19:15,0.17829,0.17829
7100374,daidai,2021/7/16 0:25,0.17846,0.17846
7102881,moritti373737,2021/7/18 2:47,0.17846,0.17846
7052474,Thor90,2021/7/5 19:53,0.17869,0.17869
7046339,Niranjan,2021/7/4 9:14,0.17898,0.17898
7051583,Keisuke Yasuda,2021/7/18 3:01,0.17918,0.17918
7149760,Rodrigo Rafael Cruz,2021/7/29 8:46,0.17921,0.17921
7052744,HVKHVK,2021/7/10 7:55,0.17921,0.17921
7133130,Gavi_sr,2021/7/30 21:57,0.17935,0.17935
7041246,Jared Savage,2021/7/3 11:13,0.17938,0.17938
7056289,SM,2021/7/18 6:07,0.17951,0.17951
7037194,Awwal Malhi,2021/7/9 6:12,0.17963,0.17963
7052720,Almaz Vildanov,2021/7/31 10:13,0.17964,0.17964
7046900,^^^^,2021/7/31 19:20,0.17971,0.17971
7042795,Glitterier,2021/7/18 9:46,0.18006,0.18006
7061495,Darren Smith,2021/7/26 12:50,0.1801,0.1801
7107650,El Conde de Ñáñaño,2021/7/22 16:55,0.1801,0.1801
7063707,ryunosuke.obata,2021/7/11 8:51,0.18012,0.18012
7109003,tky01,2021/7/27 13:20,0.18018,0.18018
7048368,Welt Xing,2021/7/8 3:17,0.18036,0.18036
7042014,ir_1st_vil,2021/7/6 7:20,0.1807,0.1807
7097051,Amir Stash,2021/7/27 15:13,0.18072,0.18072
7114577,gregory_ut,2021/7/31 2:22,0.18088,0.18088
7097946,Sourodip Sarkar,2021/7/15 13:42,0.18094,0.18094
7090507,vaguely,2021/7/23 23:26,0.18097,0.18097
7036758,Robert Erffmeyer,2021/7/17 2:35,0.18098,0.18098
7038659,MVolkmer,2021/7/27 16:23,0.18104,0.18104
7054093,Sarah Zouinina,2021/7/13 8:40,0.18104,0.18104
7041129,rey_master,2021/7/31 22:36,0.18113,0.18113
7067403,Helfi,2021/7/9 16:38,0.18147,0.18147
7128836,Ferdinand. K,2021/7/24 14:30,0.18156,0.18156
7035842,[Deleted] 71289949-1749-4c55-96fb-3d69d94b11be,2021/7/10 14:32,0.18158,0.18158
7131956,[Deleted] e867880c-d0b3-426b-89cb-4e8da577541d,2021/7/31 13:11,0.18159,0.18159
7044386,ansain,2021/7/3 5:35,0.18162,0.18162
7125979,Martynov Andrey,2021/7/31 21:14,0.18162,0.18162
7126008,hiroki adachi,2021/7/29 4:53,0.18166,0.18166
7037036,[Deleted] 29b507b7-6faf-4f2b-a451-566e5bb9ce29,2021/7/11 17:07,0.18174,0.18174
7038593,Ayse Erdem,2021/7/24 13:24,0.18181,0.18181
7046164,Kirill Shmilovich #2,2021/7/3 18:35,0.18189,0.18189
7036950,BaselineIsAllYouNeed,2021/7/2 10:21,0.18211,0.18211
7037620,Ranjeet shrivastav,2021/7/19 17:25,0.18228,0.18228
7037147,Debarshi Chanda,2021/7/2 0:00,0.18231,0.18231
7117597,Emre Aruk,2021/7/25 11:51,0.18237,0.18237
7051938,iamagoose,2021/7/14 20:49,0.18238,0.18238
7045114,Hendrik Henning,2021/7/12 20:03,0.18244,0.18244
7125783,onkar406,2021/7/31 2:23,0.18257,0.18257
7100303,Caíque Coelho,2021/7/18 22:37,0.18262,0.18262
7051609,KodaiS,2021/7/31 14:35,0.18262,0.18262
7038063,Juan Pablo Margni,2021/7/19 21:53,0.18266,0.18266
7134513,[Deleted] 5768d9fe-efde-4467-b54e-b8c8e95ce7e6,2021/7/26 11:18,0.18273,0.18273
7035928,Tarun Paparaju,2021/7/2 14:10,0.18279,0.18279
7090866,Aniket Agrawal,2021/7/15 12:31,0.18295,0.18295
7054144,fxzane,2021/7/11 23:08,0.18302,0.18302
7054513,Henk Metselaar,2021/7/31 13:25,0.18309,0.18309
7037724,Laurent Pourchot,2021/7/10 21:25,0.18314,0.18314
7141970,Lu Jie Er,2021/7/27 16:16,0.18325,0.18325
7051047,Masato Taka,2021/7/18 8:06,0.18355,0.18355
7038395,Deblina Ghosh,2021/7/31 12:02,0.18358,0.18358
7036728,Synerevo,2021/7/29 4:18,0.1836,0.1836
7043519,matthew-ch,2021/7/23 7:19,0.18364,0.18364
7076305,theJosephGoodman,2021/7/14 12:33,0.18366,0.18366
7067903,tps connoisseur,2021/7/24 0:09,0.18386,0.18386
7104151,DHA,2021/7/23 8:28,0.18408,0.18408
7046837,franken.13,2021/7/19 2:58,0.18412,0.18412
7072707,Ralphe Drenth,2021/7/12 13:19,0.18415,0.18415
7070329,SamHay01,2021/7/29 11:08,0.18427,0.18427
7073718,Sanjay J P,2021/7/9 4:42,0.1843,0.1843
7109398,MattisB,2021/7/20 19:19,0.1843,0.1843
7051112,onodera007,2021/7/31 20:54,0.18431,0.18431
7076441,HarshBhatt02,2021/7/17 11:21,0.18434,0.18434
7093770,Tomihiro,2021/7/28 5:42,0.18437,0.18437
7118179,Raul Chaves,2021/7/26 21:03,0.18439,0.18439
7039486,Okyanus,2021/7/9 18:47,0.18441,0.18441
7075262,wakamatsuIkuma,2021/7/30 11:11,0.18455,0.18455
7037311,xuye,2021/7/30 16:06,0.18472,0.18472
7045751,Abhishek Yadav,2021/7/21 7:47,0.18488,0.18488
7045427,Moharan,2021/7/3 6:27,0.18495,0.18495
7065486,ysr1103,2021/7/17 10:12,0.18504,0.18504
7061024,sami,2021/7/14 13:47,0.18521,0.18521
7079742,Prudhvi NVM,2021/7/29 17:23,0.18524,0.18524
7118581,Eric Grange,2021/7/27 15:37,0.18524,0.18524
7060447,蒋晨辉,2021/7/9 14:39,0.18525,0.18525
7062732,Juan Scanlan,2021/7/12 16:02,0.18527,0.18527
7081590,Rigel,2021/7/22 19:06,0.18534,0.18534
7072478,Matteo Buccirossi,2021/7/10 8:14,0.18536,0.18536
7065656,Insane Coder,2021/7/8 6:13,0.18543,0.18543
7066876,Gopal padhi,2021/7/7 14:56,0.18543,0.18543
7082095,Hakan Yücetürk,2021/7/29 10:41,0.1856,0.1856
7087936,jsrussell,2021/7/30 21:07,0.18565,0.18565
7045125,tim.tanwb,2021/7/20 10:34,0.18579,0.18579
7039815,Alessandro Benetti,2021/7/3 0:01,0.186,0.186
7140172,MjBonsa,2021/7/25 14:50,0.18602,0.18602
7081257,Maharshi N V,2021/7/17 12:04,0.18614,0.18614
7129778,Kenso Sugita,2021/7/27 14:50,0.18628,0.18628
7124930,R.O,2021/7/27 4:43,0.18628,0.18628
7154236,Kazu,2021/7/28 4:50,0.18628,0.18628
7039366,Ash,2021/7/31 12:06,0.1863,0.1863
7049892,Pushker,2021/7/20 16:37,0.18632,0.18632
7097189,Nicole Tang S.Y.,2021/7/20 6:48,0.18638,0.18638
7115134,Ryo Takada,2021/7/26 8:08,0.18645,0.18645
7116995,Dima Ulasovets,2021/7/19 9:53,0.18651,0.18651
7040736,Jo Tom,2021/7/23 7:05,0.18652,0.18652
7123839,Hossein Mortazavi,2021/7/31 8:16,0.18654,0.18654
7070074,nktn,2021/7/17 0:49,0.18655,0.18655
7050271,Newkaggler123,2021/7/7 8:30,0.18667,0.18667
7040583,brd64,2021/7/15 18:57,0.18694,0.18694
7036221,Ritvik Rastogi,2021/7/7 5:06,0.18697,0.18697
7040958,John Kim,2021/7/23 21:14,0.18699,0.18699
7050983,kurong_xiaohao,2021/7/6 14:59,0.18703,0.18703
7040749,Petro Sidliar,2021/7/2 19:23,0.1871,0.1871
7037037,marz_nana,2021/7/2 21:42,0.18727,0.18727
7049214,Tekina,2021/7/12 18:38,0.1873,0.1873
7071430,Prem Chotepanit,2021/7/27 8:18,0.18738,0.18738
7056594,soul,2021/7/10 5:17,0.18742,0.18742
7059121,Dmitrii,2021/7/11 21:29,0.18745,0.18745
7059269,satosatototototo,2021/7/6 5:29,0.18751,0.18751
7046017,Edward Callihan,2021/7/5 5:13,0.18764,0.18764
7036113,GSD,2021/7/3 7:14,0.18764,0.18764
7040926,Adrielle,2021/7/29 17:25,0.18766,0.18766
7058712,Thierry Neusius,2021/7/31 20:00,0.18786,0.18786
7040616,Raghavender Gangula,2021/7/31 8:42,0.1879,0.1879
7066265,MFRIbrahim,2021/7/9 13:51,0.18794,0.18794
7142383,Azwan,2021/7/26 13:26,0.18814,0.18814
7077279,t-TTN,2021/7/31 6:18,0.18816,0.18816
7141664,FUJIWARA Ryo,2021/7/27 12:47,0.18838,0.18838
7158746,I Vivek Kai-wen,2021/7/30 6:51,0.18839,0.18839
7040431,rookie,2021/7/15 6:35,0.18841,0.18841
7036267,Kieran McGee,2021/7/14 2:57,0.18844,0.18844
7035922,Akahachi,2021/7/9 5:21,0.18852,0.18852
7067124,Olga Savchenko,2021/7/31 22:53,0.18872,0.18872
7080243,Adrian Cantu,2021/7/16 23:53,0.18876,0.18876
7076896,[Deleted] 3536ce8c-c232-4993-810a-33e904771c57,2021/7/21 22:09,0.1888,0.1888
7058037,Sankalp Mane,2021/7/29 0:21,0.18892,0.18892
7066907,Aymeric Peltier,2021/7/22 20:45,0.18893,0.18893
7086938,Scott,2021/7/15 3:20,0.18914,0.18914
7098910,Imad Toubal,2021/7/16 18:36,0.18921,0.18921
7050639,GCI Gophers 💜,2021/7/4 18:43,0.18926,0.18926
7049612,jabertuhin,2021/7/29 19:39,0.18934,0.18934
7037583,AIXian,2021/7/15 18:22,0.18953,0.18953
7161800,Suriya Prakaash,2021/7/30 5:55,0.18956,0.18956
7159855,data2science,2021/7/30 10:23,0.18964,0.18964
7160997,Gerson Miguelfett,2021/7/30 16:12,0.18967,0.18967
7089305,Ilya,2021/7/17 23:17,0.18974,0.18974
7104728,Nauman Kazi,2021/7/19 4:58,0.18976,0.18976
7105153,Tomozou MKN,2021/7/23 4:11,0.18977,0.18977
7042894,Pradeep Yadav,2021/7/7 8:33,0.18991,0.18991
7068580,Daniel Johnson,2021/7/8 3:24,0.18994,0.18994
7155804,Wikul Kayor,2021/7/28 11:15,0.19003,0.19003
7037556,Max Scheijen,2021/7/2 9:35,0.19006,0.19006
7042121,Jai Kumar,2021/7/17 13:36,0.19012,0.19012
7047889,T Ry,2021/7/4 10:49,0.19024,0.19024
7040765,Shashank Kirtania,2021/7/21 23:08,0.19051,0.19051
7049627,nagaya manta,2021/7/11 6:31,0.19064,0.19064
7112423,Ransaka Ravihara,2021/7/25 11:22,0.19074,0.19074
7072017,franklin2021,2021/7/8 18:25,0.19075,0.19075
7162337,Amine Slimane,2021/7/29 23:13,0.19078,0.19078
7134905,Pius Carbon,2021/7/26 9:14,0.19081,0.19081
7069702,taguchi ryo,2021/7/16 15:41,0.19085,0.19085
7123778,Dhaval Arya,2021/7/20 16:37,0.19106,0.19106
7111771,Sea of Sun,2021/7/23 3:32,0.19107,0.19107
7039765,ゆう,2021/7/7 15:08,0.19109,0.19109
7149839,Gao Yifei,2021/7/27 14:24,0.19114,0.19114
7080103,Tony Zhang,2021/7/31 18:06,0.19114,0.19114
7035834,Maksym Shkliarevskyi,2021/7/6 8:25,0.19114,0.19114
7153232,Adrien Atallah,2021/7/28 20:12,0.19114,0.19114
7081231,Torca13,2021/7/13 10:10,0.19114,0.19114
7063012,compec vb,2021/7/26 21:45,0.19118,0.19118
7063086,Vishal Neeli,2021/7/9 15:59,0.19119,0.19119
7097534,MNM8260,2021/7/18 11:23,0.19123,0.19123
7037588,soarer,2021/7/11 3:44,0.19128,0.19128
7039373,rene12199,2021/7/23 20:06,0.19131,0.19131
7043097,Nephes D,2021/7/25 13:58,0.19133,0.19133
7102115,Yashasvi,2021/7/18 10:25,0.19134,0.19134
7128865,Toyin Olape,2021/7/28 14:11,0.19137,0.19137
7038257,Suyash Lakhani,2021/7/3 10:58,0.19141,0.19141
7039551,Priyansh Agrawal,2021/7/13 8:06,0.19147,0.19147
7152442,Muhammad Ghazy,2021/7/27 15:39,0.19151,0.19151
7039947,terminator4376,2021/7/8 11:49,0.19154,0.19154
7037569,MuhammadRamzan,2021/7/7 10:37,0.19158,0.19158
7062420,MD,2021/7/7 6:53,0.19164,0.19164
7168467,SANKALP SINGH,2021/7/31 15:35,0.19165,0.19165
7035835,Fellipe Gomes,2021/7/22 15:13,0.19168,0.19168
7048120,Why Is It So,2021/7/5 14:10,0.19179,0.19179
7103863,DavidKaftan,2021/7/16 1:08,0.19181,0.19181
7037885,Arno,2021/7/29 17:31,0.19195,0.19195
7113966,Kai Hasunuma,2021/7/20 16:51,0.19208,0.19208
7037397,Ivan Krokhalyov,2021/7/6 7:34,0.19217,0.19217
7057474,Rohit Dwivedula,2021/7/5 15:33,0.19218,0.19218
7044403,[Deleted] 1083ad03-12c3-44a8-8b35-47c5c83dc105,2021/7/3 15:24,0.19224,0.19224
7040117,Davegn,2021/7/20 9:59,0.19225,0.19225
7061407,T.Ando,2021/7/11 3:53,0.19229,0.19229
7068533,JeffBricker,2021/7/10 12:38,0.19232,0.19232
7076036,Pawantharun,2021/7/15 16:16,0.19235,0.19235
7074169,KeiKei,2021/7/12 8:24,0.19236,0.19236
7048044,Leonard Thomas,2021/7/4 9:59,0.19238,0.19238
7087844,Shiv Kumar Ganesh,2021/7/16 1:35,0.19256,0.19256
7072643,Jaston,2021/7/11 20:17,0.19258,0.19258
7162652,Viraj Nayak,2021/7/31 3:31,0.19269,0.19269
7155441,iAyoDq,2021/7/28 9:04,0.19281,0.19281
7122151,Shreyash Sabde,2021/7/23 19:32,0.19293,0.19293
7148256,Josh Angelo Escalona,2021/7/26 20:43,0.19305,0.19305
7063735,Leonardo Krivickas,2021/7/8 4:28,0.1931,0.1931
7138189,Subho Majumder,2021/7/24 18:37,0.19323,0.19323
7066488,Patel Avis,2021/7/8 9:05,0.19326,0.19326
7144817,jkstarc,2021/7/30 18:03,0.1933,0.1933
7038961,tensor choko,2021/7/6 5:09,0.19333,0.19333
7038533,Alfonso Cassoni,2021/7/18 10:22,0.19348,0.19348
7101095,Trần Thị Hồng Hà,2021/7/24 9:18,0.1935,0.1935
7139811,Assaf Cohen,2021/7/28 21:10,0.19356,0.19356
7112558,Sandeep Mishra,2021/7/18 17:40,0.19371,0.19371
7061103,Aditya Bhatt,2021/7/10 16:32,0.19389,0.19389
7049552,Cunyuan Xing,2021/7/7 2:18,0.19395,0.19395
7129603,Ekky Rino,2021/7/30 6:41,0.19405,0.19405
7039361,Oscar ST,2021/7/8 11:48,0.19413,0.19413
7090962,DataPlayer,2021/7/14 13:22,0.19413,0.19413
7125399,Yash Shah,2021/7/26 13:13,0.19413,0.19413
7039253,Robson,2021/7/14 19:07,0.19413,0.19413
7070498,RST599,2021/7/8 10:47,0.19423,0.19423
7053102,Aniket Jadhav,2021/7/7 12:19,0.19424,0.19424
7037064,Ivalbert,2021/7/4 15:40,0.1943,0.1943
7057181,MohdAli,2021/7/29 11:41,0.19439,0.19439
7129975,Naru Yamamoto,2021/7/25 14:36,0.1945,0.1945
7049678,Mileta,2021/7/5 22:49,0.19484,0.19484
7038797,TechSquadML,2021/7/28 8:49,0.1952,0.1952
7167477,lucylalalala,2021/7/31 11:16,0.19526,0.19526
7111419,Gurpartap Singh,2021/7/18 18:58,0.19529,0.19529
7056192,Amar Loni,2021/7/21 11:20,0.1953,0.1953
7072413,Che Deng,2021/7/23 3:30,0.19532,0.19532
7048356,Sam McCallum,2021/7/16 15:48,0.19535,0.19535
7109647,Thariq Nugrohotomo,2021/7/31 21:38,0.19561,0.19561
7101849,Edrick Kesuma,2021/7/31 9:00,0.19561,0.19561
7137417,Ronald Leung,2021/7/27 4:43,0.19573,0.19573
7142961,Robert Archibald,2021/7/25 13:38,0.19576,0.19576
7083178,Amendlovitz,2021/7/14 2:25,0.19586,0.19586
7040558,Mateusz Opala,2021/7/27 18:31,0.196,0.196
7100038,zhch580810@163.com,2021/7/16 8:33,0.19615,0.19615
7045165,tko919,2021/7/3 13:37,0.19615,0.19615
7096335,tototoro,2021/7/19 18:35,0.19629,0.19629
7045045,Simone Castellano,2021/7/28 22:08,0.1963,0.1963
7036426,Brooklin Santosh,2021/7/2 4:48,0.19642,0.19642
7041143,kirow789,2021/7/9 14:25,0.19649,0.19649
7099347,FumiY,2021/7/26 12:51,0.1967,0.1967
7061845,The_Rookie_,2021/7/23 0:11,0.19674,0.19674
7070124,Kudasov Dmitriy,2021/7/27 14:35,0.19697,0.19697
7075360,Saksham Checker,2021/7/14 11:45,0.19699,0.19699
7040791,ArnoldRosielle,2021/7/31 1:03,0.19721,0.19721
7036489,sejoong.kim,2021/7/4 4:31,0.19731,0.19731
7110345,Nikita,2021/7/30 10:54,0.19738,0.19738
7036081,xiaoLx,2021/7/9 8:53,0.19741,0.19741
7077598,leebond,2021/7/21 8:11,0.19754,0.19754
7111447,SinRas,2021/7/23 10:12,0.19759,0.19759
7145685,Meaningfullest,2021/7/28 19:13,0.19763,0.19763
7059235,wzha8255,2021/7/7 10:16,0.19779,0.19779
7078119,David Puiggròs,2021/7/31 11:56,0.19807,0.19807
7048695,Tassen,2021/7/10 22:28,0.19808,0.19808
7087526,Moonej,2021/7/12 19:41,0.19818,0.19818
7064486,Michael Kalmus,2021/7/8 3:25,0.19845,0.19845
7038614,Oskar Stachowski,2021/7/9 11:31,0.19847,0.19847
7109696,Prajwal Gupta,2021/7/22 17:04,0.19866,0.19866
7057198,Ashish Nanda,2021/7/24 4:16,0.19868,0.19868
7083813,swsw337,2021/7/27 12:23,0.19869,0.19869
7055101,Natthasit Tobua,2021/7/9 11:25,0.19871,0.19871
7046245,NaTa,2021/7/8 7:50,0.19882,0.19882
7037057,badatML,2021/7/1 21:08,0.19883,0.19883
7059430,Abhijit Singh,2021/7/24 18:04,0.19887,0.19887
7037667,Y.daiki,2021/7/2 22:10,0.19888,0.19888
7049104,Ashme,2021/7/13 14:23,0.19916,0.19916
7038941,notoplana,2021/7/24 7:03,0.19916,0.19916
7080602,Han91,2021/7/11 4:50,0.19924,0.19924
7049291,Martin Siklar,2021/7/6 22:26,0.19932,0.19932
7081373,[Deleted] 576ff335-734b-4ecf-ba36-a8a0d7e888a4,2021/7/13 0:22,0.1994,0.1994
7063405,Gilles A.,2021/7/21 13:44,0.19947,0.19947
7052117,SplikA,2021/7/29 11:12,0.19959,0.19959
7051360,Sama,2021/7/31 18:33,0.19961,0.19961
7038191,Nayerbowany,2021/7/5 12:35,0.19981,0.19981
7065654,masyu T,2021/7/20 14:54,0.19994,0.19994
7043012,room722,2021/7/5 18:40,0.20011,0.20011
7036459,André Ricardo,2021/7/3 15:11,0.20017,0.20017
7066049,Shashank Shekhar,2021/7/10 3:42,0.20035,0.20035
7038364,[Deleted] ad5291b0-376f-482a-a114-6cc71f7d6bbd,2021/7/4 13:43,0.20046,0.20046
7158603,Naman Dixit,2021/7/30 16:24,0.20053,0.20053
7047649,S.Sreenivasulu,2021/7/4 12:41,0.20064,0.20064
7042455,Mayank Vashisht,2021/7/10 7:38,0.20092,0.20092
7057647,Sai Prashanth,2021/7/21 11:54,0.20094,0.20094
7038311,EKKM,2021/7/8 14:38,0.20097,0.20097
7044425,seira123,2021/7/16 16:14,0.20111,0.20111
7038714,Pavel Yakovlev,2021/7/7 8:21,0.20128,0.20128
7038882,Ahmed Shahriar Sakib,2021/7/7 20:59,0.20136,0.20136
7135892,kitayama,2021/7/27 11:37,0.20152,0.20152
7076239,random ml experiments,2021/7/31 10:16,0.20154,0.20154
7039116,revathip,2021/7/2 9:06,0.2016,0.2016
7107373,[Deleted] a6641de0-36a0-4d12-afde-67c5d3c9866f,2021/7/18 12:36,0.2016,0.2016
7057707,Sujith K Nair,2021/7/15 12:48,0.20171,0.20171
7048941,Anton Zakharenkov,2021/7/16 8:34,0.2018,0.2018
7075563,Jasper Dekoninck,2021/7/9 13:58,0.20196,0.20196
7110647,Toby,2021/7/31 19:03,0.20198,0.20198
7040340,Chris X,2021/7/11 10:01,0.20214,0.20214
7059457,DLActuary,2021/7/15 15:27,0.20229,0.20229
7057324,Birk Ramberg,2021/7/5 16:52,0.20234,0.20234
7061564,YaDon4ick,2021/7/27 12:15,0.20234,0.20234
7167897,Shashank,2021/7/31 22:21,0.20257,0.20257
7038707,Tariq Hussain,2021/7/27 19:15,0.20279,0.20279
7063590,Matheus_Ramos_Ribeiro,2021/7/31 21:57,0.20286,0.20286
7131018,Vignesh Sankar,2021/7/30 19:22,0.20303,0.20303
7076647,Simardeep Singh Sethi,2021/7/20 22:40,0.20309,0.20309
7070989,LeoLjl,2021/7/8 14:26,0.2031,0.2031
7069359,Kev,2021/7/21 10:32,0.2031,0.2031
7045184,Bondo,2021/7/3 4:48,0.20331,0.20331
7091642,Pedro Vallarino10,2021/7/14 12:39,0.20345,0.20345
7046811,OnionKnight,2021/7/18 4:23,0.20347,0.20347
7056086,TaroMurakami,2021/7/8 10:38,0.20347,0.20347
7058868,TKShuhei,2021/7/5 22:16,0.20347,0.20347
7080793,Taik oh,2021/7/11 14:35,0.20347,0.20347
7041466,HZ3,2021/7/20 12:49,0.20347,0.20347
7101305,iqlowest,2021/7/25 23:41,0.20349,0.20349
7143580,babina.daria,2021/7/31 20:37,0.20387,0.20387
7058576,karlb3030,2021/7/18 16:33,0.20393,0.20393
7035900,Kirill,2021/7/4 0:13,0.20401,0.20401
7098613,Brett Clements,2021/7/30 21:58,0.20411,0.20411
7052440,Absolute AI,2021/7/14 5:26,0.20412,0.20412
7166541,Ji Woo Jeong,2021/7/31 5:15,0.20443,0.20443
7087406,Ryan Glasnapp,2021/7/27 19:31,0.20449,0.20449
7035874,Rajat Kumar,2021/7/25 11:17,0.20475,0.20475
7046301,Thomas Winterburn,2021/7/2 21:52,0.20485,0.20485
7038044,Bess135,2021/7/6 12:59,0.20488,0.20488
7166987,Lucy,2021/7/31 8:27,0.20506,0.20506
7039654,Ronny Tantowi,2021/7/3 9:27,0.20517,0.20517
7037183,Tracy Porter,2021/7/3 0:25,0.20534,0.20534
7140167,JosephYu,2021/7/24 16:53,0.20537,0.20537
7098879,luciodias,2021/7/20 12:01,0.20538,0.20538
7153135,Ish_S,2021/7/28 17:46,0.20542,0.20542
7036098,cl1228,2021/7/3 20:01,0.20545,0.20545
7123410,Kristina Papikyan,2021/7/24 11:32,0.20549,0.20549
7037636,Mikail Dogruer,2021/7/1 11:09,0.20596,0.20596
7043113,Artyom Sayapin,2021/7/2 12:51,0.20596,0.20596
7046581,MoSooN,2021/7/2 23:19,0.20596,0.20596
7041956,Subhankar Halder,2021/7/5 6:17,0.20596,0.20596
7076571,Arvind Narayanan,2021/7/16 20:10,0.20596,0.20596
7113388,H.K,2021/7/19 0:45,0.20596,0.20596
7117025,Moiz Kachwala,2021/7/20 11:36,0.20596,0.20596
7138297,2017122029,2021/7/25 6:30,0.20596,0.20596
7118929,Anurag Peddi,2021/7/24 16:45,0.20614,0.20614
7112401,Muscle_Nishimi,2021/7/23 0:10,0.20623,0.20623
7120002,ROHIT KUMAR,2021/7/21 12:14,0.20632,0.20632
7054147,William Zhou,2021/7/6 0:02,0.20648,0.20648
7039010,Saran Saluja,2021/7/9 4:49,0.20673,0.20673
7126539,Theophile Baggio,2021/7/27 10:12,0.20674,0.20674
7089092,Ken-san,2021/7/31 8:00,0.20705,0.20705
7046819,EN,2021/7/4 12:50,0.20707,0.20707
7068976,Amey Girdhari,2021/7/8 4:14,0.20741,0.20741
7158097,Alex Tsai,2021/7/31 2:04,0.20772,0.20772
7045470,Muj!rush!,2021/7/3 1:38,0.20773,0.20773
7054764,yyqing,2021/7/5 7:34,0.20773,0.20773
7143424,Vishnu Bhagyanath,2021/7/26 20:19,0.20774,0.20774
7052597,Ravi Suresh Mashru,2021/7/9 19:12,0.20776,0.20776
7087994,MegaCookies88,2021/7/24 18:20,0.2078,0.2078
7045304,Bishnu Ghosh,2021/7/20 17:04,0.20789,0.20789
7039700,Viktor Klochkov,2021/7/6 9:54,0.20792,0.20792
7039012,Yasir Hussein Shakir,2021/7/3 19:05,0.20799,0.20799
7080472,al_ex,2021/7/17 15:42,0.20821,0.20821
7043762,Ritik Kumar Jain,2021/7/3 11:22,0.20821,0.20821
7085081,Jules Collenne,2021/7/28 13:10,0.20827,0.20827
7056845,suryapsr,2021/7/5 23:21,0.20834,0.20834
7037049,Catadanna,2021/7/12 0:25,0.20858,0.20858
7131183,DDullahan,2021/7/29 10:01,0.20859,0.20859
7083395,PabloFelixx,2021/7/26 3:37,0.20867,0.20867
7050575,JackC123,2021/7/10 9:22,0.20873,0.20873
7106342,Vatsal Venkatkrishna,2021/7/22 15:53,0.20881,0.20881
7144170,Lynn Serizawa,2021/7/30 4:41,0.20898,0.20898
7041188,Nicholas Marino,2021/7/23 21:34,0.20915,0.20915
7054669,Anirban Chakraborty6,2021/7/18 8:58,0.20918,0.20918
7045303,Tom Marzea,2021/7/3 16:01,0.20934,0.20934
7040477,Drew Hughes,2021/7/3 16:17,0.20949,0.20949
7090928,Timur Davletshin,2021/7/14 11:45,0.2095,0.2095
7146503,Ishan Saksena,2021/7/27 18:26,0.20955,0.20955
7038695,Mohit9989,2021/7/3 2:40,0.20974,0.20974
7041040,pravali,2021/7/29 17:34,0.20992,0.20992
7037308,Aravindh Pandiyan,2021/7/22 11:37,0.20996,0.20996
7074768,itraconazole,2021/7/14 0:16,0.21019,0.21019
7081256,Anton Perepelytsia,2021/7/17 15:30,0.21023,0.21023
7057164,pranav2902,2021/7/15 17:12,0.21037,0.21037
7036995,change9496,2021/7/15 0:46,0.21067,0.21067
7037293,Hercules Smith,2021/7/4 18:26,0.21073,0.21073
7057030,Ketchup,2021/7/12 10:02,0.21095,0.21095
7148514,Cyrill Ionov,2021/7/29 21:12,0.21107,0.21107
7037981,Jeffrey Pallares Nunez,2021/7/26 14:59,0.21107,0.21107
7089184,Sayid Achmad M,2021/7/17 9:33,0.21141,0.21141
7056681,andronikova,2021/7/31 8:49,0.21143,0.21143
7039220,yamahisa,2021/7/23 13:34,0.21165,0.21165
7037126,ÜNAL KÖROĞLU,2021/7/11 15:17,0.21196,0.21196
7169400,[Deleted] 43fdbdbe-3a2e-489f-9204-c5ca8216f2d7,2021/7/31 23:27,0.21233,0.21233
7037998,Rafa,2021/7/14 11:30,0.21262,0.21262
7037423,l3LlFF,2021/7/4 14:32,0.21264,0.21264
7043419,Hải Dương Nguyễn,2021/7/2 8:00,0.21279,0.21279
7128622,IvnKrlv,2021/7/30 16:50,0.21294,0.21294
7102232,dannyvop,2021/7/17 22:22,0.21302,0.21302
7092185,Kavya Mukundan,2021/7/30 0:12,0.21325,0.21325
7096137,Katsurapp,2021/7/15 17:07,0.21353,0.21353
7035872,Pratik Gandhi,2021/7/8 0:43,0.21355,0.21355
7052336,Anil,2021/7/12 15:24,0.21407,0.21407
7114964,O_O,2021/7/31 6:30,0.2141,0.2141
7036787,SangHoon Hyeon,2021/7/8 12:58,0.21415,0.21415
7124150,Sreeram Warrier,2021/7/21 5:20,0.21426,0.21426
7047021,Kieran Yogaraj,2021/7/31 3:57,0.21426,0.21426
7092461,Sadhan Gowda,2021/7/21 20:59,0.21453,0.21453
7045997,shim0,2021/7/15 6:31,0.21478,0.21478
7063373,Pascal van de Wijdeven,2021/7/11 11:35,0.21532,0.21532
7073496,Ankur Gupta,2021/7/26 13:21,0.21534,0.21534
7038948,Keshu sharma,2021/7/2 15:32,0.21536,0.21536
7060596,Ankit,2021/7/15 8:40,0.21549,0.21549
7061341,guptadev26,2021/7/28 21:42,0.21579,0.21579
7117737,Luis Kalckstein,2021/7/28 10:57,0.21593,0.21593
7036299,kurong123,2021/7/6 14:38,0.21597,0.21597
7049307,FPH,2021/7/24 15:09,0.21599,0.21599
7064191,Đặng Duy Thanh,2021/7/28 7:57,0.21601,0.21601
7049052,Romann2,2021/7/4 10:24,0.21603,0.21603
7037360,Shrijeeth S,2021/7/15 13:43,0.21665,0.21665
7048545,the great learner,2021/7/30 13:10,0.21667,0.21667
7155060,Lavanya Anand,2021/7/31 15:25,0.21667,0.21667
7040103,Kent,2021/7/23 22:18,0.21674,0.21674
7142809,Sree Nithish B,2021/7/25 15:04,0.21677,0.21677
7041222,[Deleted] 6b5a35b7-3597-4ad3-81c0-3115e9f2bc88,2021/7/10 19:23,0.21696,0.21696
7039957,hnakamura,2021/7/28 9:11,0.21697,0.21697
7082345,Tim510,2021/7/11 20:46,0.21698,0.21698
7075174,Khushi Shahh,2021/7/12 10:29,0.21706,0.21706
7035957,Yi Chong,2021/7/1 2:36,0.21711,0.21711
7046348,Paulo Junior,2021/7/29 17:48,0.21712,0.21712
7082333,shourya2002-geek,2021/7/30 18:11,0.21785,0.21785
7133306,Marcos,2021/7/23 10:47,0.21804,0.21804
7045525,Andrew Moore,2021/7/6 2:05,0.21821,0.21821
7107334,Mrinaal Lalit,2021/7/30 17:40,0.21824,0.21824
7062148,phileinSophos,2021/7/12 10:51,0.21872,0.21872
7158128,zmax505,2021/7/29 20:42,0.21879,0.21879
7039810,fumikawa,2021/7/3 3:59,0.21884,0.21884
7151575,Andrey K.,2021/7/30 12:35,0.21884,0.21884
7078066,YuGuii,2021/7/11 5:37,0.21898,0.21898
7078470,Kyosuke Kita,2021/7/17 5:21,0.21904,0.21904
7036187,Sohom Majumder,2021/7/1 4:31,0.21961,0.21961
7036797,Irfan Ahmad,2021/7/1 16:13,0.21961,0.21961
7037506,Zvonimir Sucic,2021/7/1 7:57,0.21961,0.21961
7049989,Patrik Araujo,2021/7/4 17:32,0.21961,0.21961
7058739,harshit soni,2021/7/8 19:37,0.21961,0.21961
7095064,Venkata Ramana Saniboyina,2021/7/30 19:48,0.21961,0.21961
7111675,[Deleted] 9a6d1744-207d-4526-a9aa-a23034d60574,2021/7/18 4:40,0.21961,0.21961
7116110,KainKafan,2021/7/20 4:11,0.21971,0.21971
7040819,stefaan1o,2021/7/15 18:23,0.22059,0.22059
7085690,Unnat Gupta,2021/7/15 6:20,0.22093,0.22093
7164224,mert coşkun,2021/7/31 12:44,0.22155,0.22155
7045316,JustForFunML,2021/7/15 18:23,0.22189,0.22189
7045186,Vedant Korhale,2021/7/3 15:55,0.2219,0.2219
7044838,Pavan Kumar Balijepalli,2021/7/17 7:36,0.22248,0.22248
7112245,Rogerszzz,2021/7/27 5:10,0.2226,0.2226
7137183,Puffy_wind,2021/7/26 14:31,0.2226,0.2226
7058145,ss_sv:),2021/7/12 8:50,0.22296,0.22296
7041063,mikedev,2021/7/27 8:33,0.22349,0.22349
7122450,blueOrange,2021/7/21 16:33,0.22362,0.22362
7046634,Parul Pandey,2021/7/4 2:43,0.22398,0.22398
7041279,Hyunil Yoo,2021/7/15 23:52,0.22405,0.22405
7036222,Yatharth03,2021/7/1 12:23,0.22413,0.22413
7036183,AmitKumar,2021/7/31 19:24,0.22526,0.22526
7127992,Lakhi Charan Mahato,2021/7/25 18:16,0.22526,0.22526
7049047,Nikita Kozhemyakin,2021/7/4 2:06,0.22556,0.22556
7054796,Aniket2109Srivastava,2021/7/7 11:01,0.22598,0.22598
7040181,Kaslnarian Welt,2021/7/9 14:45,0.22616,0.22616
7089848,ProCoder03,2021/7/24 14:16,0.22629,0.22629
7086224,mdolr,2021/7/12 20:59,0.22629,0.22629
7064552,YOSHIKI,2021/7/9 15:39,0.22716,0.22716
7039311,Daniela J,2021/7/7 20:26,0.22718,0.22718
7053393,Pumpişko,2021/7/10 16:28,0.2272,0.2272
7048021,hyena19991218,2021/7/4 8:14,0.22722,0.22722
7135906,Mohana Rao Sanapala,2021/7/26 16:59,0.22748,0.22748
7065912,Wataru W.,2021/7/20 16:04,0.22817,0.22817
7046651,Claudia Amador,2021/7/28 2:39,0.22844,0.22844
7114115,Kishan Kartha,2021/7/25 15:03,0.22846,0.22846
7126960,A.F.V.,2021/7/21 17:08,0.22861,0.22861
7078950,Bavesh Balaji,2021/7/11 14:22,0.22875,0.22875
7075513,Tushar Singh,2021/7/31 7:15,0.2292,0.2292
7055584,Himank Kavathekar,2021/7/28 8:44,0.22969,0.22969
7044559,y61mpnl,2021/7/7 11:59,0.22978,0.22978
7035840,Phil,2021/7/17 2:58,0.23007,0.23007
7040757,Arpit Verma,2021/7/2 15:07,0.23025,0.23025
7045341,[Deleted] b6b93c59-2658-418c-9b29-91450e512ae4,2021/7/29 18:39,0.23043,0.23043
7038425,Shubhi Kant,2021/7/10 10:39,0.23043,0.23043
7053214,amtm,2021/7/4 21:51,0.23091,0.23091
7051057,Karthik D K,2021/7/6 4:50,0.23108,0.23108
7044996,Hakan Erdogan,2021/7/14 10:24,0.23168,0.23168
7072805,"Kiss ya, Lion",2021/7/10 19:18,0.23204,0.23204
7039357,Karin Bondgaard,2021/7/9 9:33,0.23226,0.23226
7140409,Paramjeet Singh,2021/7/25 3:44,0.23249,0.23249
7035881,horohoro,2021/7/5 7:53,0.23263,0.23263
7122296,Tuan Nguyen Van Anh,2021/7/20 11:04,0.23271,0.23271
7042164,Sayan Chatterjee,2021/7/2 15:39,0.23283,0.23283
7052104,RS,2021/7/22 9:07,0.23301,0.23301
7091953,Wakkyy,2021/7/15 16:10,0.23304,0.23304
7060346,Lluc Matas,2021/7/6 8:21,0.23345,0.23345
7105925,[Deleted] 6c7fe18a-c853-405f-b843-850cad7ef356,2021/7/16 13:54,0.23345,0.23345
7056348,Amit Pote,2021/7/5 11:00,0.23356,0.23356
7036254,Parth737Patel,2021/7/4 0:05,0.23356,0.23356
7121755,aman parmar,2021/7/21 12:29,0.23459,0.23459
7107813,jan-seins,2021/7/26 18:12,0.23476,0.23476
7035903,Ryan Barretto,2021/7/15 3:06,0.2349,0.2349
7167235,Nidhish Kumar Sharma,2021/7/31 10:54,0.23534,0.23534
7140220,Entropy,2021/7/25 1:52,0.23615,0.23615
7041041,Hachiman Hikigaya,2021/7/2 5:30,0.23617,0.23617
7041000,Diego Jiménez,2021/7/2 22:56,0.23659,0.23659
7037820,Darius Saldauskas,2021/7/14 21:10,0.23796,0.23796
7070348,pEAceATLast53,2021/7/9 0:17,0.23807,0.23807
7138135,TongHwee,2021/7/27 0:46,0.23887,0.23887
7037266,[Deleted] e4f816e9-e877-4995-b65a-57a843f8f069,2021/7/27 9:54,0.23956,0.23956
7127751,Michael Levine,2021/7/28 20:46,0.24021,0.24021
7135977,Akhil Shukla,2021/7/31 13:17,0.24101,0.24101
7048380,Kuntal,2021/7/31 17:44,0.24131,0.24131
7113566,Sergey Mikhaylin,2021/7/31 11:44,0.24141,0.24141
7110285,MarkHaoxiang,2021/7/19 16:52,0.24211,0.24211
7040156,Régis,2021/7/5 13:52,0.24262,0.24262
7141434,Hairu Ding,2021/7/28 6:55,0.24314,0.24314
7074921,Abhinand,2021/7/11 4:19,0.24367,0.24367
7057276,cherriZhu,2021/7/6 1:33,0.24398,0.24398
7080388,Bhavin Moriya,2021/7/12 2:28,0.24411,0.24411
7162378,j (kaggle g0d),2021/7/31 13:38,0.24413,0.24413
7050315,Molibden,2021/7/25 14:13,0.24567,0.24567
7126102,Ela Kapoor,2021/7/25 14:48,0.246,0.246
7050373,Alim.U,2021/7/6 19:26,0.2466,0.2466
7145228,Yara Halawi,2021/7/31 13:02,0.24724,0.24724
7071314,Valeriy Garipov,2021/7/18 17:47,0.24746,0.24746
7074819,Rishab Balasubramanian,2021/7/9 14:15,0.24758,0.24758
7042955,Nikita Razinkov,2021/7/20 11:57,0.25072,0.25072
7045487,Alexis Durand,2021/7/14 20:14,0.25094,0.25094
7047973,V. Bonzo,2021/7/31 17:47,0.25104,0.25104
7041067,sevenofspades,2021/7/31 18:17,0.25117,0.25117
7037122,Rohit Verma,2021/7/19 5:26,0.25148,0.25148
7086934,Vaishakh Shetty,2021/7/20 4:34,0.25167,0.25167
7056608,Kepa Azcona,2021/7/31 22:52,0.25185,0.25185
7162000,rumkiki,2021/7/31 19:43,0.25242,0.25242
7044355,gunater,2021/7/11 20:08,0.25253,0.25253
7165099,ANISHK1995,2021/7/30 16:15,0.25287,0.25287
7038373,Murat EKSÜR,2021/7/11 10:00,0.25295,0.25295
7051346,takafumi_fujikawa,2021/7/31 5:21,0.25324,0.25324
7036904,Hasanga Methmal,2021/7/9 8:30,0.25387,0.25387
7037336,Shubham Chambhare,2021/7/4 17:54,0.2544,0.2544
7039266,PetterKällqvist,2021/7/18 22:52,0.2552,0.2552
7043158,Pat Daniels,2021/7/2 7:24,0.25538,0.25538
7141820,Yoga_Ram,2021/7/30 20:18,0.25575,0.25575
7055406,Antonello Martiello,2021/7/26 15:19,0.25597,0.25597
7054029,takumi152,2021/7/4 22:57,0.25661,0.25661
7089504,Jason Cheung,2021/7/29 19:28,0.25685,0.25685
7065671,Srinivas,2021/7/29 5:57,0.25685,0.25685
7052126,Shunsuke Yamamoto,2021/7/15 9:07,0.25716,0.25716
7051667,PinkyAndTheBrain,2021/7/6 16:52,0.25767,0.25767
7143513,Annie Martin,2021/7/25 15:44,0.25804,0.25804
7040672,Simon Hovmark,2021/7/29 9:47,0.25807,0.25807
7054245,Shachar Y.,2021/7/21 4:58,0.25927,0.25927
7143106,soul_M,2021/7/28 12:34,0.26124,0.26124
7110519,[Deleted] 1a610071-5cba-41a4-865d-71e178f8d5ef,2021/7/20 14:48,0.26162,0.26162
7131835,krlvsk,2021/7/31 20:46,0.26349,0.26349
7126835,Arseniy Shahmatov,2021/7/21 11:05,0.26363,0.26363
7147099,Learners,2021/7/30 9:15,0.26589,0.26589
7080171,thano,2021/7/26 20:31,0.26637,0.26637
7100672,rajan1002,2021/7/30 7:13,0.26721,0.26721
7152821,Juan Francisco Prieto,2021/7/28 8:53,0.26763,0.26763
7108742,Darby Clement,2021/7/17 7:05,0.268,0.268
7035886,Jonas Paluci Barbosa,2021/7/31 23:55,0.26831,0.26831
7037614,Filip Jöde,2021/7/13 8:42,0.26867,0.26867
7105005,Abhi Garg1,2021/7/25 13:58,0.26884,0.26884
7045995,Rajat.P,2021/7/28 6:38,0.26967,0.26967
7090635,VaibhavGupta,2021/7/14 19:26,0.27237,0.27237
7155846,CptK,2021/7/31 13:37,0.27323,0.27323
7041099,Luis Otavio Soares,2021/7/4 19:20,0.27326,0.27326
7037320,Nisarg Chavda,2021/7/5 6:25,0.27349,0.27349
7125973,_Sri_Harsha_2598,2021/7/21 13:50,0.27357,0.27357
7083252,Jesse Mostipak,2021/7/25 22:15,0.27524,0.27524
7127102,ravindu kavishwara,2021/7/21 15:47,0.27585,0.27585
7041321,TTHCuong,2021/7/19 19:26,0.27599,0.27599
7156655,Sai krishna Ghanta,2021/7/31 7:43,0.27655,0.27655
7039135,Virgo,2021/7/22 3:22,0.27674,0.27674
7158160,Ariana Huang,2021/7/29 1:54,0.27781,0.27781
7062083,Poorna Ramakrishnan,2021/7/26 12:51,0.27804,0.27804
7076237,Adrian Yeung,2021/7/19 20:50,0.27808,0.27808
7069918,jope35,2021/7/14 13:00,0.28048,0.28048
7045536,Arya R N,2021/7/31 10:07,0.28098,0.28098
7166279,redwood_tern,2021/7/31 6:13,0.28143,0.28143
7116048,yuting__,2021/7/25 8:30,0.28166,0.28166
7068115,Rishi Ganeshan,2021/7/21 1:03,0.28184,0.28184
7105848,YuQingF,2021/7/18 7:01,0.28205,0.28205
7144547,MustyMushroom,2021/7/26 23:12,0.28211,0.28211
7147863,Don Nguyen,2021/7/27 18:33,0.28313,0.28313
7036407,arnab,2021/7/23 6:33,0.28351,0.28351
7038276,Tommaso Guerrini,2021/7/20 8:49,0.28367,0.28367
7044394,Vernon D Souza,2021/7/26 6:09,0.28394,0.28394
7044535,Lennart Schäpermeier,2021/7/20 11:23,0.28406,0.28406
7091899,Franziska Kuehn,2021/7/30 4:58,0.285,0.285
7074037,Sudden Appearance,2021/7/10 9:04,0.28572,0.28572
7133265,Joshua Silva,2021/7/23 15:27,0.28585,0.28585
7116421,saipuresu,2021/7/31 22:54,0.28603,0.28603
7036023,Akio Onodera,2021/7/29 8:49,0.28806,0.28806
7144193,kevenv,2021/7/26 1:11,0.28849,0.28849
7136786,Vira Sydoriak,2021/7/27 15:02,0.28849,0.28849
7081173,kura19,2021/7/13 5:26,0.28861,0.28861
7057929,Toshiki Honda,2021/7/13 15:57,0.28861,0.28861
7119009,James B.,2021/7/25 15:28,0.28913,0.28913
7076680,Iyobosa Evbayowieru,2021/7/11 10:59,0.29021,0.29021
7042158,Gage Kilmer,2021/7/9 4:52,0.29032,0.29032
7082149,Gaurav Madan,2021/7/19 16:18,0.29102,0.29102
7061510,Oleh Mezhenskyi,2021/7/27 13:49,0.29142,0.29142
7047762,Ajay Tibrewal,2021/7/9 13:38,0.29255,0.29255
7055214,Julian Xiao,2021/7/18 18:12,0.2928,0.2928
7150663,Shunsuke Nishijima,2021/7/31 19:31,0.29397,0.29397
7065434,akshaykumar bangar,2021/7/7 13:22,0.29538,0.29538
7068045,Andy_M,2021/7/27 13:03,0.29541,0.29541
7040582,Daniil Fomichev,2021/7/3 12:33,0.29625,0.29625
7036270,Mohit Sharma,2021/7/26 0:11,0.29671,0.29671
7076516,LUO_twinkler,2021/7/16 14:16,0.29719,0.29719
7154121,[Deleted] ae1285c5-9d69-43ae-926d-c2afd6d00b90,2021/7/31 19:31,0.29739,0.29739
7100671,YuryTn,2021/7/22 11:35,0.2978,0.2978
7115668,Cafelatte1,2021/7/27 10:40,0.29797,0.29797
7047077,AWisteria,2021/7/8 10:54,0.2986,0.2986
7105715,[Deleted] 66a9d994-9ec7-4b0d-8bc7-c6fa8e6ae581,2021/7/31 20:27,0.29868,0.29868
7054892,Ryan Lambert,2021/7/13 2:41,0.29884,0.29884
7036436,Anvesh Konda,2021/7/11 18:11,0.29934,0.29934
7169737,amer228,2021/7/31 23:40,0.30025,0.30025
7048804,Hasegawa Kai,2021/7/12 2:43,0.3004,0.3004
7167450,ChanMan3012,2021/7/31 10:14,0.30081,0.30081
7076377,LeZhao07,2021/7/31 19:09,0.30304,0.30304
7138945,Jishnudeep,2021/7/28 10:21,0.30333,0.30333
7048065,Khalid Jeffal,2021/7/25 21:25,0.3046,0.3046
7071128,Y Vamshi Vardhan,2021/7/10 13:36,0.30476,0.30476
7113908,Ravindra Sahu,2021/7/21 13:22,0.3049,0.3049
7154424,Ryu Parish,2021/7/30 6:02,0.30528,0.30528
7052229,Chris Halcrow,2021/7/4 13:35,0.30545,0.30545
7098897,Mark Babayev,2021/7/31 15:38,0.3059,0.3059
7041978,Taylor Lockhart,2021/7/31 23:58,0.30605,0.30605
7051781,Juni Oo,2021/7/25 8:03,0.30721,0.30721
7161037,Isabel dadd,2021/7/31 15:11,0.30732,0.30732
7118870,Francisco de Abreu e Lima,2021/7/27 7:41,0.30737,0.30737
7089213,jaehyuk.L,2021/7/26 7:26,0.30753,0.30753
7041030,Daniel Rogel,2021/7/13 13:29,0.30787,0.30787
7127887,tdisheng,2021/7/21 17:43,0.30805,0.30805
7084205,Sudharshan Ravi,2021/7/25 17:57,0.30819,0.30819
7138538,Akshi456,2021/7/25 13:00,0.30848,0.30848
7152067,Shumayl Asmawi,2021/7/28 12:51,0.30861,0.30861
7117642,Keshav Sharma,2021/7/26 19:00,0.30963,0.30963
7097379,Dmitry Molokhov,2021/7/30 10:17,0.30968,0.30968
7051482,Chunpin John,2021/7/26 17:19,0.31026,0.31026
7048171,Jordi smit,2021/7/11 19:46,0.31111,0.31111
7044589,Michael Marchesan,2021/7/30 16:05,0.31114,0.31114
7054457,Gaurav Dutta,2021/7/12 0:45,0.31129,0.31129
7049761,[Deleted] 828a995d-e800-478a-8747-3c2a493cd908,2021/7/3 17:54,0.31229,0.31229
7081839,Ashutosh Gupta,2021/7/11 16:46,0.31286,0.31286
7084501,hashiz,2021/7/30 2:57,0.31309,0.31309
7150043,Seth Kelvin Escobedo,2021/7/27 23:32,0.31341,0.31341
7143714,Brahma Jyoti,2021/7/28 23:45,0.31409,0.31409
7055922,Allon Schamroth,2021/7/14 18:38,0.31453,0.31453
7038767,Mahesh,2021/7/1 17:37,0.31473,0.31473
7049915,Albert Chu,2021/7/15 23:29,0.31574,0.31574
7154685,Connor Young,2021/7/31 23:52,0.316,0.316
7141640,Ganesh Rode,2021/7/31 6:00,0.31683,0.31683
7045811,DarkHaxDev,2021/7/28 18:00,0.31693,0.31693
7036181,inventshah,2021/7/1 2:52,0.31777,0.31777
7040440,pantho,2021/7/25 6:15,0.31876,0.31876
7037280,David,2021/7/6 13:20,0.31902,0.31902
7119344,ABDELILAH MAKRANE,2021/7/20 21:27,0.31973,0.31973
7139548,kazuhiro494949,2021/7/26 13:30,0.32009,0.32009
7102181,navasai,2021/7/27 6:19,0.32031,0.32031
7092050,SnVHng,2021/7/15 13:53,0.3204,0.3204
7126765,Yogesh.k,2021/7/28 3:20,0.32191,0.32191
7076394,Awex125,2021/7/9 19:33,0.32417,0.32417
7153645,MrPoboale,2021/7/29 11:47,0.32464,0.32464
7041863,RSESHA,2021/7/9 2:01,0.32624,0.32624
7133493,NY9230basket,2021/7/29 12:20,0.32655,0.32655
7061522,RanugaD,2021/7/7 7:56,0.32689,0.32689
7044418,Jonathan Leaver,2021/7/30 2:48,0.32705,0.32705
7041242,Georgy Zashikhin,2021/7/10 20:28,0.32712,0.32712
7048406,Dhruv Kanthaliya,2021/7/29 8:55,0.32742,0.32742
7089010,George K,2021/7/21 5:23,0.3286,0.3286
7039946,DDMellow,2021/7/11 18:13,0.32862,0.32862
7040965,Feranmi Dere,2021/7/3 18:10,0.32878,0.32878
7041422,erkut,2021/7/5 16:08,0.32968,0.32968
7066292,magnatoris,2021/7/25 22:17,0.33033,0.33033
7053301,Oleg Sidorshin,2021/7/23 9:13,0.33046,0.33046
7077974,Enes Altun,2021/7/17 16:17,0.3307,0.3307
7047933,keizin,2021/7/7 11:42,0.33086,0.33086
7042568,uitb,2021/7/4 14:01,0.33166,0.33166
7052999,Klim Popov,2021/7/8 21:26,0.33225,0.33225
7108548,picoplankton,2021/7/20 2:52,0.33247,0.33247
7044154,Prem Sagar,2021/7/11 13:19,0.33259,0.33259
7097869,Ankitthebemer,2021/7/14 18:14,0.33281,0.33281
7047753,Mariia Nosova,2021/7/31 12:42,0.33282,0.33282
7068814,Laohei Lee,2021/7/9 15:23,0.33282,0.33282
7158731,MukeshBarnwal,2021/7/30 14:53,0.33375,0.33375
7120401,Abhilash Korraprolu,2021/7/21 4:55,0.33475,0.33475
7132418,CanhPhamNgoc,2021/7/22 16:18,0.33475,0.33475
7045214,shoji,2021/7/2 14:33,0.33549,0.33549
7037712,Alexander Andreev,2021/7/2 10:45,0.33551,0.33551
7082324,RokasPranevicius,2021/7/23 10:32,0.33558,0.33558
7058090,Vaisakh Plakkot,2021/7/22 19:00,0.3357,0.3357
7110603,fukuo37,2021/7/25 13:37,0.33584,0.33584
7063382,tr2512,2021/7/15 8:16,0.33625,0.33625
7040595,Tatsuya Kaneko,2021/7/2 18:53,0.33697,0.33697
7039183,sh_yama,2021/7/11 3:04,0.33706,0.33706
7142612,DeepakSadulla,2021/7/26 9:22,0.33742,0.33742
7048445,Alex Kudra,2021/7/8 18:05,0.33743,0.33743
7083360,Farel Arden,2021/7/22 16:37,0.33817,0.33817
7084209,Urjit Patil,2021/7/12 8:01,0.33817,0.33817
7045820,whoosh,2021/7/17 18:02,0.33829,0.33829
7061973,Sagarika Jadon,2021/7/17 16:03,0.33875,0.33875
7152581,Alan Kadiev,2021/7/30 9:31,0.33884,0.33884
7164706,lobin_122,2021/7/31 13:15,0.33884,0.33884
7036409,H.Ue,2021/7/3 6:01,0.33925,0.33925
7047023,ShamaevM-IVT-20,2021/7/3 7:21,0.33937,0.33937
7047915,Levy·V11-18,2021/7/3 8:12,0.33942,0.33942
7058710,Mohamed Sobhy,2021/7/11 21:39,0.33948,0.33948
7040625,Ravi Jain,2021/7/1 18:05,0.33949,0.33949
7037628,Ayush Batra,2021/7/1 20:53,0.33949,0.33949
7059729,Brooks Jessup,2021/7/10 5:58,0.33952,0.33952
7039680,Amit,2021/7/2 5:35,0.33952,0.33952
7045563,Paul Holdsworth,2021/7/4 22:53,0.33952,0.33952
7061301,Rishab,2021/7/10 12:00,0.33952,0.33952
7067416,Weining mai,2021/7/7 21:21,0.33952,0.33952
7038573,Dipro ,2021/7/1 12:41,0.33952,0.33952
7041530,Rushikesh Darge,2021/7/2 0:18,0.33952,0.33952
7140375,Shannon Horrigan,2021/7/24 20:45,0.33952,0.33952
7142833,Dghitman,2021/7/25 12:59,0.33952,0.33952
7041386,Pidem,2021/7/14 0:51,0.33952,0.33952
7068817,S4B31 WONG TAK YUEN 黃德源,2021/7/9 1:36,0.33952,0.33952
7068824,S4B25 WILHELM ,2021/7/9 1:20,0.33952,0.33952
7068789,S4C15 LEE YAN LING 李恩寧,2021/7/9 1:29,0.33952,0.33952
7068838,S4B09 CHONG BRENDAN 莊睿彬,2021/7/9 1:33,0.33952,0.33952
7073131,S4A10 LEUNG ELVIS ,2021/7/9 1:37,0.33952,0.33952
7068797,S4A05 IP TIN LONG 葉天朗,2021/7/9 1:40,0.33952,0.33952
7073135,S4D22 TANG KIN SANG 鄧健生,2021/7/9 1:45,0.33952,0.33952
7068792,S4C12 KWAN TSUN HEI 關浚浠,2021/7/9 1:49,0.33952,0.33952
7068833,S4B11 CHUNG YAN HO 鍾訢浩,2021/7/9 1:49,0.33952,0.33952
7068772,S4B01 CHAN CHUN HIN 陳進軒,2021/7/9 1:51,0.33952,0.33952
7068795,S4C13 LAI PAK NING 賴柏寧,2021/7/9 1:51,0.33952,0.33952
7068790,S4A19 NG KA SHUEN 吳家璇,2021/7/9 1:53,0.33952,0.33952
7148774,RobHam99,2021/7/26 18:42,0.33952,0.33952
7042663,Arunavo Bhattacharjee,2021/7/31 11:33,0.33952,0.33952
7035946,Sathish Kaliamoorthy,2021/7/1 7:09,0.33952,0.33952
7090116,O161838 KAVITI VANDANA,2021/7/13 11:02,0.33952,0.33952
7080374,Hossein Niyazi,2021/7/15 22:44,0.33998,0.33998
7114376,SIDDHARTHAN S,2021/7/19 6:30,0.34002,0.34002
7043695,Ducklings,2021/7/2 10:00,0.34021,0.34021
7091296,Jon,2021/7/31 4:05,0.34051,0.34051
7098876,Aman Anand,2021/7/30 8:43,0.34074,0.34074
7035869,Mariusz Bronowicki,2021/7/31 18:17,0.34153,0.34153
7110462,Mohamed Dhameem,2021/7/18 21:58,0.34235,0.34235
7109298,robin1ee,2021/7/31 9:50,0.34235,0.34235
7109119,Felipe Pasquevich,2021/7/20 5:15,0.3427,0.3427
7038079,Subhashis Pradhan,2021/7/7 9:06,0.34273,0.34273
7088228,SaúlHernández-Quiroz,2021/7/25 22:59,0.34308,0.34308
7060066,Naoya Nitta,2021/7/6 6:27,0.34333,0.34333
7041047,Heiner N,2021/7/19 9:57,0.34413,0.34413
7157125,David A Heredia,2021/7/30 21:55,0.34456,0.34456
7125382,RendyK,2021/7/31 3:30,0.3447,0.3447
7083974,Dinesh,2021/7/29 3:33,0.34524,0.34524
7046061,Emily Strong,2021/7/5 16:21,0.3453,0.3453
7058627,tina,2021/7/6 2:10,0.34574,0.34574
7081275,Pawel Mikolaj Knap,2021/7/21 16:17,0.3458,0.3458
7054891,reeason,2021/7/9 7:58,0.34584,0.34584
7156161,Alejandro White,2021/7/28 17:41,0.34594,0.34594
7091241,HuSongyuan,2021/7/13 16:06,0.34702,0.34702
7087280,Amit Gupta,2021/7/21 9:55,0.34708,0.34708
7040600,jluza,2021/7/2 16:34,0.34722,0.34722
7091356,Aiad Asaad,2021/7/17 15:27,0.34754,0.34754
7122121,Gabriele Bellini,2021/7/20 19:06,0.3478,0.3478
7102014,Alpha,2021/7/19 19:26,0.34805,0.34805
7147504,Hurry,2021/7/26 13:31,0.34863,0.34863
7046925,Joseph Mittelstaedt,2021/7/20 21:51,0.34881,0.34881
7072534,Alicja,2021/7/24 9:37,0.35084,0.35084
7036391,Mrigendra Agrawal,2021/7/10 8:15,0.35161,0.35161
7090351,Tanisha Jain,2021/7/13 15:53,0.35204,0.35204
7053712,Apoorv Singh,2021/7/22 8:16,0.35219,0.35219
7103847,Aman Kumar Mallik,2021/7/16 22:00,0.35243,0.35243
7035961,Swagician,2021/7/30 12:30,0.35279,0.35279
7083871,Manan Biyani,2021/7/15 1:49,0.35365,0.35365
7165909,YazidK,2021/7/31 15:04,0.35372,0.35372
7052208,AyanTiwari,2021/7/15 3:55,0.35394,0.35394
7054142,[Deleted] 21530a98-905a-417c-bddb-7f113b7704a0,2021/7/24 21:56,0.35432,0.35432
7126718,yuidao,2021/7/22 13:32,0.35504,0.35504
7057391,IPacheco,2021/7/5 20:16,0.3552,0.3552
7168322,Sarel Grayevsky,2021/7/31 16:48,0.35543,0.35543
7040090,Tao Ye,2021/7/4 20:26,0.35672,0.35672
7085279,Lachlan Devine,2021/7/13 18:09,0.35679,0.35679
7162491,ivanfoong,2021/7/30 8:27,0.35699,0.35699
7088212,hmkim,2021/7/14 8:05,0.35809,0.35809
7036986,[Deleted] c34e3651-9c88-49bc-b8b0-fcf008601327,2021/7/31 16:51,0.35871,0.35871
7055950,Yeeun Lee,2021/7/26 7:39,0.36014,0.36014
7152814,Kavan1406,2021/7/28 13:44,0.36031,0.36031
7056968,John Chow.C.L,2021/7/15 10:40,0.36045,0.36045
7134842,Angela Yeung,2021/7/30 2:56,0.36048,0.36048
7146367,ccreux,2021/7/26 16:27,0.36363,0.36363
7155258,Fred Morgan,2021/7/28 13:19,0.36403,0.36403
7050007,Abraham Yat,2021/7/5 22:45,0.3641,0.3641
7067359,StayAngry,2021/7/9 7:23,0.36427,0.36427
7041324,Luís Gustavo Modelli,2021/7/1 23:29,0.36437,0.36437
7096044,Agata Tyśnicka,2021/7/14 17:03,0.36464,0.36464
7101966,Nand Lal Mishra,2021/7/15 16:27,0.36507,0.36507
7039003,Priyabrata Panda,2021/7/15 8:35,0.36512,0.36512
7121797,Gabriel,2021/7/25 17:38,0.36524,0.36524
7164820,[Deleted] 9a64571b-6cac-4f88-8779-b8fe571ca73c,2021/7/30 15:03,0.36546,0.36546
7089605,Michael Broderick,2021/7/22 8:04,0.36548,0.36548
7151795,eulyzi,2021/7/31 2:46,0.36622,0.36622
7046394,Umauro,2021/7/9 22:51,0.36695,0.36695
7138279,Tushar Kadam,2021/7/24 7:20,0.36736,0.36736
7074182,Sohan sarkar1,2021/7/10 3:50,0.36787,0.36787
7123305,Danilo Mizin,2021/7/24 8:18,0.3687,0.3687
7063908,Danujaya De Silva,2021/7/7 6:46,0.36969,0.36969
7114347,watsons,2021/7/20 8:46,0.37255,0.37255
7046392,Jatana,2021/7/3 10:49,0.37293,0.37293
7047308,Mitarashi,2021/7/8 11:45,0.37397,0.37397
7090549,Alexey Novikov,2021/7/15 6:20,0.37466,0.37466
7078416,zxc12523,2021/7/14 14:02,0.375,0.375
7070238,Alban Pöppl,2021/7/8 11:06,0.37511,0.37511
7042926,Pham Vu Dung,2021/7/2 10:48,0.37703,0.37703
7038822,Elias Ylä-Jarkko,2021/7/17 16:43,0.37828,0.37828
7105237,GSL_IDM_ML,2021/7/30 4:45,0.37847,0.37847
7048946,Lee MinHyung,2021/7/4 7:10,0.37995,0.37995
7049508,GAMer,2021/7/31 19:57,0.38121,0.38121
7088511,leedoohwan,2021/7/13 7:28,0.38311,0.38311
7079246,MAHARSHI TRIVEDI,2021/7/18 14:18,0.38378,0.38378
7157660,Berk Yumuk,2021/7/28 22:36,0.38548,0.38548
7068118,Pratibha UR,2021/7/23 2:46,0.38566,0.38566
7122431,Sanjay Singh,2021/7/26 12:21,0.38695,0.38695
7149073,rtdata3,2021/7/27 19:25,0.38698,0.38698
7080396,Oadeniran,2021/7/14 10:19,0.39038,0.39038
7071175,first_tabular,2021/7/9 8:46,0.39077,0.39077
7053873,Matt Jones,2021/7/6 21:14,0.39196,0.39196
7057254,Guillaume Gm,2021/7/6 10:04,0.39514,0.39514
7071156,Suraj Kumar Jha,2021/7/9 3:48,0.39523,0.39523
7120849,Erick Thompson,2021/7/22 4:12,0.39619,0.39619
7038357,yoake_dawn,2021/7/23 5:27,0.39693,0.39693
7060263,Maxim Suvorov,2021/7/6 13:00,0.39747,0.39747
7072484,DanSpencer,2021/7/9 3:27,0.39966,0.39966
7038358,Bruno Fleisch,2021/7/8 13:01,0.39989,0.39989
7041438,Dan Avery,2021/7/30 23:41,0.40052,0.40052
7045777,Gerlando Re,2021/7/16 10:32,0.40229,0.40229
7047124,ma_ring,2021/7/11 7:49,0.40537,0.40537
7059303,B,2021/7/6 2:28,0.41212,0.41212
7044632,Siebren Kazemier,2021/7/2 14:15,0.41384,0.41384
7121550,Harsh Bansal,2021/7/22 22:11,0.41571,0.41571
7094591,IamLLAnJay,2021/7/19 7:53,0.41677,0.41677
7076105,mohit kushwah,2021/7/12 18:43,0.41949,0.41949
7163695,Debasis panda,2021/7/31 12:42,0.42202,0.42202
7098063,zhuoyin94,2021/7/14 19:16,0.42753,0.42753
7060109,high&mean,2021/7/9 11:52,0.4288,0.4288
7107874,Isabelgium,2021/7/27 14:59,0.43026,0.43026
7037114,Padala Teja Sai Kumar Reddy,2021/7/1 8:03,0.4311,0.4311
7127588,Jordan HIRBEC,2021/7/29 16:57,0.43534,0.43534
7045140,jisaki,2021/7/20 14:21,0.44493,0.44493
7127835,Bruno Rocha,2021/7/25 20:07,0.44512,0.44512
7037429,TT,2021/7/1 10:18,0.44802,0.44802
7131196,Nyambayar,2021/7/24 7:38,0.44838,0.44838
7095390,XUeeeeE,2021/7/29 5:46,0.44937,0.44937
7063104,Jenia2021,2021/7/12 20:43,0.45943,0.45943
7039924,DLastStark,2021/7/12 16:55,0.45945,0.45945
7074238,Mech A 027 Ankit singh,2021/7/24 12:43,0.46052,0.46052
7035938,thideo,2021/7/10 18:32,0.46529,0.46529
7086451,skkabbe,2021/7/21 7:33,0.46891,0.46891
7136184,Mahima Sharma,2021/7/23 15:51,0.48472,0.48472
7088007,Abhijit,2021/7/29 22:28,0.48767,0.48767
7050242,Rakinaljubair,2021/7/11 18:22,0.4923,0.4923
7141805,Stefan Batara Panggabean,2021/7/31 9:33,0.49901,0.49901
7102284,AIXINC,2021/7/25 14:20,0.50127,0.50127
7061375,Arin,2021/7/28 8:57,0.50339,0.50339
7086332,Jan Olschewski,2021/7/17 9:23,0.5048,0.5048
7057281,Pamudu123 Ranasinghe,2021/7/8 15:00,0.50662,0.50662
7057275,Data Masters,2021/7/9 14:30,0.50662,0.50662
7049618,GarryChess,2021/7/4 15:14,0.51053,0.51053
7045103,Sabine van Breugel,2021/7/20 14:07,0.51464,0.51464
7107566,Kayleigh Milewski,2021/7/16 20:23,0.52162,0.52162
7046531,johnham,2021/7/3 18:11,0.54907,0.54907
7162107,Cassandra Miller,2021/7/31 2:04,0.54923,0.54923
7043000,pb + jf,2021/7/11 0:01,0.56215,0.56215
7078415,Blahrmy,2021/7/22 11:45,0.57312,0.57312
7134232,tyabanoumami,2021/7/23 15:01,0.57363,0.57363
7145336,Abhishek Jha,2021/7/31 13:24,0.57497,0.57497
7038645,sardinetrawler,2021/7/4 21:11,0.57503,0.57503
7078421,Nikita Timakin,2021/7/14 7:37,0.57523,0.57523
7053525,Md. Mustafijur Rahman,2021/7/30 22:03,0.57613,0.57613
7046136,Lukasz Sajkowski,2021/7/8 18:01,0.58167,0.58167
7066244,XIAOFUVIP,2021/7/8 7:54,0.58743,0.58743
7044801,Marcin Polak,2021/7/2 20:34,0.5944,0.5944
7045408,DJVu,2021/7/12 16:44,0.59852,0.59852
7081155,QriousLearner,2021/7/26 15:39,0.60029,0.60029
7084620,Hồng Sơn Vũ,2021/7/14 9:09,0.60636,0.60636
7156404,Arjun N,2021/7/28 18:03,0.61361,0.61361
7071903,Sabyasachi96,2021/7/30 11:50,0.62448,0.62448
7076673,bovrrr,2021/7/19 15:35,0.64424,0.64424
7036972,VIVEK METTU,2021/7/2 14:40,0.64621,0.64621
7045035,sample_submission.csv,2021/7/2 13:40,0.65568,0.65568
7036684,Callistus Ndemo,2021/7/1 5:15,0.65568,0.65568
7037018,Yereum Kim,2021/7/1 5:30,0.65568,0.65568
7039838,DBC_XLMJ,2021/7/1 15:37,0.65568,0.65568
7040034,ASTHA CHAUHAN1,2021/7/1 15:44,0.65568,0.65568
7038475,tendon300,2021/7/2 9:29,0.65568,0.65568
7043054,Mt Saka,2021/7/2 7:02,0.65568,0.65568
7045969,Naruhiko Nakanishi,2021/7/2 18:04,0.65568,0.65568
7075087,Hoootaro Ramen,2021/7/9 11:44,0.65568,0.65568
7042245,Pravin Amin,2021/7/9 14:16,0.65568,0.65568
7077543,ROHIT KUMAR YADAV,2021/7/10 5:31,0.65568,0.65568
7090758,Denis Kulandin,2021/7/15 8:26,0.65568,0.65568
7111835,mttn,2021/7/18 3:01,0.65568,0.65568
7138193,Junpei Sumikawa,2021/7/24 6:03,0.65568,0.65568
7139159,Ishan Dutta,2021/7/24 11:29,0.65568,0.65568
7139220,Atharva Ingle,2021/7/24 11:45,0.65568,0.65568
7108802,Rajarshi Dey,2021/7/28 15:16,0.65568,0.65568
7166059,Ajay Karanam,2021/7/30 21:53,0.65568,0.65568
7076971,haki namz,2021/7/31 5:07,0.65568,0.65568
7111777,hadi obeid,2021/7/23 15:09,0.65857,0.65857
7132793,pay'n'gay,2021/7/26 16:26,0.68485,0.68485
7038289,Rohit Kumaran,2021/7/4 18:53,0.69018,0.69018
7079250,Snihyr Kostiantyn,2021/7/10 21:49,0.7694,0.7694
7044056,padam_sharma,2021/7/2 13:39,0.77458,0.77458
7036686,Sandeep Preetam,2021/7/5 20:24,0.78365,0.78365
7063790,James Green,2021/7/7 22:58,0.80205,0.80205
7102870,Maksymilian Wojnar,2021/7/15 18:54,0.81554,0.81554
7042989,Manish Shukla,2021/7/19 0:04,0.86291,0.86291
7071849,Ruby Wang,2021/7/25 13:54,0.88774,0.88774
7080313,DogukanL,2021/7/11 1:27,0.92944,0.92944
7127991,NIKHIL PATEL,2021/7/26 17:12,0.98605,0.98605
7097743,Kuril,2021/7/21 16:57,1.02106,1
7096353,Yannik,2021/7/21 13:03,1.0318,1
7084705,Yannik001,2021/7/27 14:28,1.0318,1
7041207,Vik C.,2021/7/11 12:49,1.06772,1
7036849,bhimantoro suryo admodjo,2021/7/1 7:48,1.11055,1
7074659,Pieter-Jan De Roeve,2021/7/14 15:17,1.12137,1
7037861,vad13irt,2021/7/4 13:47,1.26142,1
7076568,Mayank,2021/7/9 20:46,1.28144,1
7139864,Shadieq,2021/7/24 16:26,1.39145,1
7120610,thashu,2021/7/30 15:48,1.55182,1
7107156,ZaeSeok,2021/7/17 6:59,1.56844,1
7070292,longbaobao521,2021/7/30 12:34,1.63219,1
7046029,Derrick Michelson,2021/7/6 23:25,1.68457,1
7148167,Anurag Nayak,2021/7/26 17:49,1.69702,1
7090927,Harshit Jain,2021/7/13 14:49,1.71224,1
7043324,hanyu liu,2021/7/2 8:41,1.71454,1
7044327,ethan_hh,2021/7/2 12:58,1.77761,1
7092154,Apollowebdesigns,2021/7/27 19:19,2.8177,1
7094204,Başar Üreten,2021/7/17 6:41,3.37905,1
7140085,JmanDS,2021/7/27 21:16,5.05258,1
7035929,Bojan Tunguz,2021/7/23 20:58,706.41121,1
